-- Adminer 4.8.1 MySQL 5.7.42 dump

SET NAMES utf8;
SET time_zone = '+00:00';
SET foreign_key_checks = 0;
SET sql_mode = 'NO_AUTO_VALUE_ON_ZERO';

SET NAMES utf8mb4;

DROP TABLE IF EXISTS `alias_variant`;
CREATE TABLE `alias_variant` (
  `id` int(10) unsigned NOT NULL AUTO_INCREMENT,
  `value` varchar(255) NOT NULL,
  `alias` varchar(255) NOT NULL,
  `input_alias_id` int(10) unsigned NOT NULL,
  PRIMARY KEY (`id`),
  KEY `alias_variant_input_alias_id_index` (`input_alias_id`),
  CONSTRAINT `alias_variant_input_alias_id_foreign` FOREIGN KEY (`input_alias_id`) REFERENCES `input_alias` (`id`) ON UPDATE CASCADE
) ENGINE=InnoDB DEFAULT CHARSET=utf8mb4;

INSERT INTO `alias_variant` (`id`, `value`, `alias`, `input_alias_id`) VALUES
(1,	'Текущее время ',	'0',	4),
(2,	'2 минуты назад ',	'120',	4),
(3,	'5 минут назад ',	'300',	4),
(4,	'10 минут назад ',	'600',	4),
(5,	'30 минут назад ',	'1800',	4),
(6,	'1 час назад ',	'3600',	4),
(7,	'2 часа назад ',	'7200',	4),
(8,	'3 часа назад  ',	'10800',	4),
(9,	'6 часов назад ',	'21600',	4),
(10,	'12 часов назад ',	'43200',	4),
(11,	'1 день назад ',	'86400',	4),
(12,	'(GMT-12:00) Линия смены дат',	'-12',	5),
(13,	'(GMT-11:00) Американское Самоа, Ниуэ',	'-11',	5),
(14,	'(GMT-10:00) Гавайи',	'-10',	5),
(15,	'(GMT-09:00) Аляска',	'-9',	5),
(16,	'(GMT-08:00) Североамериканское тихоокеанское время (США и Канада)',	'-8',	5),
(17,	'(GMT-07:00) Горное время (США и Канада)',	'-7',	5),
(18,	'(GMT-06:00) Центральное время (США и Канада)',	'-6',	5),
(19,	'(GMT-05:00) Североамериканское восточное время (США и Канада)',	'-5',	5),
(20,	'(GMT-04:00) Атлантическое время (Канада)',	'-4',	5),
(21,	'(GMT-03:00) Южноамериканское восточное время (Бразилиа, Буэнос-Айрес)',	'-3',	5),
(22,	'(GMT-02:00) Среднеатлантическое время',	'-2',	5),
(23,	'(GMT-01:00) Португалия (Азорские острова), Кабо-Верде',	'-1',	5),
(24,	'(GMT) Дублин, Эдинбург, Лиссабон, Лондон, Касабланка, Монровия',	'0',	5),
(25,	'(GMT+01:00) Центральноевропейское время (Белград, Братислава)',	'1',	5),
(26,	'(GMT+02:00) Восточноевропейское время (Афины, Бухарест, Вильнюс)',	'2',	5),
(27,	'(GMT+03:00) Арабское время (Ирак, Кувейт, Саудовская Аравия)',	'3',	5),
(28,	'(GMT+04:00) Объединённые Арабские Эмираты, Оман, Азербайджан',	'4',	5),
(29,	'(GMT+05:00) Западноазиатское время (Исламабад, Карачи, Ташкент)',	'5',	5),
(30,	'(GMT+06:00) Центральноазиатское время (Бангладеш, Казахстан)',	'6',	5),
(31,	'(GMT+07:00) Юго-Восточная Азия (Бангкок, Джакарта, Ханой)',	'7',	5),
(32,	'(GMT+08:00) Западноавстралийское время (Перт)',	'8',	5),
(33,	'(GMT+09:00) Якутское время, Корея, Япония',	'9',	5),
(34,	'(GMT+10:00) Западно-тихоокеанское время (Гуам, Порт-Морсби)',	'10',	5),
(35,	'(GMT+11:00) Центрально-тихоокеанское время (Соломоновы острова)',	'11',	5),
(36,	'(GMT+12:00) Камчатское время, Маршалловы острова, Фиджи',	'12',	5),
(37,	'(GMT+13:00) Тонга',	'13',	5),
(38,	'(GMT+14:00) Кирибати (острова Лайн)',	'14',	5),
(39,	'Текущее время ',	'0',	14),
(40,	'2 минуты назад ',	'120',	14),
(41,	'5 минут назад ',	'300',	14),
(42,	'10 минут назад ',	'600',	14),
(43,	'30 минут назад ',	'1800',	14),
(44,	'1 час назад ',	'3600',	14),
(45,	'2 часа назад ',	'7200',	14),
(46,	'3 часа назад  ',	'10800',	14),
(47,	'6 часов назад ',	'21600',	14),
(48,	'12 часов назад ',	'43200',	14),
(49,	'1 день назад ',	'86400',	14);

DROP TABLE IF EXISTS `bar_input`;
CREATE TABLE `bar_input` (
  `id` int(10) unsigned NOT NULL AUTO_INCREMENT,
  `name` varchar(255) NOT NULL,
  `alias` varchar(255) NOT NULL,
  `type` enum('text','number','select','datetime-local','time','textarea','radio','slider','floatslider') DEFAULT NULL,
  PRIMARY KEY (`id`)
) ENGINE=InnoDB DEFAULT CHARSET=utf8mb4;

INSERT INTO `bar_input` (`id`, `name`, `alias`, `type`) VALUES
(1,	'Раздача Wi-Fi',	'wifiAP',	NULL),
(2,	'Уровень сигнала раздачи Wi-Fi',	'wifiAPS',	'radio'),
(3,	'Приём Wi-Fi',	'wifi',	NULL),
(4,	'Уровень сигнала приёма Wi-Fi',	'wifiS',	'radio'),
(5,	'Уровень сигнала LTE',	'4g',	'radio'),
(6,	'Bluetooth',	'bluetooth',	NULL),
(7,	'Уровень заряда батареи (в %)',	'charge',	'slider'),
(8,	'Время',	'time',	'time'),
(9,	'Луна',	'moon',	NULL),
(10,	'Вибрация',	'vibro',	NULL),
(11,	'Будильник',	'alarm',	NULL),
(12,	'NFC',	'nfc',	NULL),
(13,	'VPN',	'vpn',	NULL),
(14,	'Шестерня',	'cog',	NULL),
(15,	'VoLTE',	'volte',	NULL),
(16,	'Время',	'time',	'time'),
(17,	'Количество SIM-карт',	'simnum',	'select'),
(18,	'Уровень сигнала 1-ой SIM-карты',	'wifiS1',	'radio'),
(19,	'Уровень сигнала 2-ой SIM-карты',	'wifiS2',	'radio'),
(20,	'Звук вкл./Вибрация/Без звука',	'sound',	'select'),
(21,	'H+ или 4G',	'connection',	'select'),
(22,	'VoLTE',	'volte',	NULL),
(23,	'Режим работы Wi-Fi',	'wifiMode',	'select'),
(24,	'Уровень приёма Wi-Fi',	'wifiS',	'radio'),
(25,	'Уровень заряда батареи (в %)',	'charge',	'slider'),
(26,	'GPS',	'geoloc2',	NULL),
(27,	'Активен навигатор',	'geoloc',	NULL),
(28,	'VPN',	'vpn',	NULL),
(29,	'Активен навигатор',	'geoloc',	NULL),
(30,	'LTE или Wi-Fi',	'connection',	'select'),
(31,	'Уровень сигнала приёма Wi-Fi',	'wifiS',	'radio'),
(32,	'Количество SIM-карт',	'simnum',	'select'),
(33,	'Уровень сигнала LTE',	'4g',	'radio'),
(34,	'Уровень заряда батареи (в %)',	'charge',	'slider'),
(35,	'Время',	'time',	'time'),
(36,	'Время',	'time',	'time'),
(37,	'NFC',	'nfc',	NULL),
(38,	'Будильник',	'alarm',	NULL),
(39,	'Bluetooth',	'bluetooth',	NULL),
(40,	'Скорость передачи данных (в KB/S)',	'speed',	'floatslider'),
(41,	'VoLTE',	'volte',	NULL),
(42,	'Количество SIM-карт',	'simnum',	'select'),
(43,	'Уровень сигнала 1-ой SIM-карты',	'bar1',	'radio'),
(44,	'Уровень сигнала 2-ой SIM-карты',	'bar2',	'radio'),
(45,	'Приём Wi-Fi',	'wifi',	NULL),
(46,	'Уровень сигнала приёма Wi-Fi',	'wifiS',	'radio'),
(47,	'Уровень заряда батареи (в %)',	'charge',	'slider');

DROP TABLE IF EXISTS `bar_input_preset`;
CREATE TABLE `bar_input_preset` (
  `id` int(10) unsigned NOT NULL AUTO_INCREMENT,
  `value` text,
  `preset_id` int(10) unsigned NOT NULL,
  `bar_input_id` int(10) unsigned NOT NULL,
  PRIMARY KEY (`id`),
  KEY `bar_input_preset_preset_id_index` (`preset_id`),
  KEY `bar_input_preset_bar_input_id_index` (`bar_input_id`),
  CONSTRAINT `bar_input_preset_bar_input_id_foreign` FOREIGN KEY (`bar_input_id`) REFERENCES `bar_input` (`id`) ON UPDATE CASCADE,
  CONSTRAINT `bar_input_preset_preset_id_foreign` FOREIGN KEY (`preset_id`) REFERENCES `preset` (`id`) ON UPDATE CASCADE
) ENGINE=InnoDB DEFAULT CHARSET=utf8mb4;

INSERT INTO `bar_input_preset` (`id`, `value`, `preset_id`, `bar_input_id`) VALUES
(1,	'20:19',	1,	16),
(2,	'sim2',	1,	17),
(3,	'2',	1,	18),
(4,	'3',	1,	19),
(5,	'null',	1,	20),
(6,	'4g',	1,	21),
(7,	'none',	1,	23),
(8,	'36',	1,	25),
(9,	'true',	1,	26),
(10,	'22:09',	6,	36),
(11,	'7.89',	6,	40),
(12,	'true',	6,	41),
(13,	'sim2',	6,	42),
(14,	'4',	6,	43),
(15,	'3',	6,	44),
(16,	'5',	6,	47),
(17,	'20:58',	7,	16),
(18,	'sim1',	7,	17),
(19,	'4',	7,	18),
(20,	'null',	7,	20),
(21,	'none',	7,	21),
(22,	'in',	7,	23),
(23,	'4',	7,	24),
(24,	'76',	7,	25),
(25,	'5',	10,	5),
(26,	'84',	10,	7),
(27,	'20:33',	10,	8),
(28,	'true',	10,	13),
(29,	'lte',	11,	30),
(30,	'sim1',	11,	32),
(31,	'4',	11,	33),
(32,	'30',	11,	34),
(33,	'20:38',	11,	35),
(34,	'20:56',	12,	36),
(35,	'1.72',	12,	40),
(36,	'sim2',	12,	42),
(37,	'4',	12,	43),
(38,	'3',	12,	44),
(39,	'true',	12,	45),
(40,	'4',	12,	46),
(41,	'47',	12,	47),
(42,	'19:20',	13,	16),
(43,	'sim1',	13,	17),
(44,	'4',	13,	18),
(45,	'nosound',	13,	20),
(46,	'4g',	13,	21),
(47,	'none',	13,	23),
(48,	'46',	13,	25),
(49,	'true',	14,	3),
(50,	'5',	14,	4),
(51,	'5',	14,	5),
(52,	'94',	14,	7),
(53,	'19:28',	14,	8),
(54,	'true',	14,	9),
(55,	'true',	14,	10),
(56,	'true',	14,	12),
(57,	'true',	14,	15),
(58,	'true',	15,	29),
(59,	'lte',	15,	30),
(60,	'sim1',	15,	32),
(61,	'4',	15,	33),
(62,	'24',	15,	34),
(63,	'19:33',	15,	35),
(64,	'true',	16,	3),
(65,	'4',	16,	4),
(66,	'5',	16,	5),
(67,	'85',	16,	7),
(68,	'23:38',	16,	8),
(69,	'true',	16,	10),
(70,	'true',	16,	13),
(71,	'lte',	19,	30),
(72,	'sim1',	19,	32),
(73,	'1',	19,	33),
(74,	'73',	19,	34),
(75,	'11:14',	19,	35);

DROP TABLE IF EXISTS `bar_input_variant`;
CREATE TABLE `bar_input_variant` (
  `id` int(10) unsigned NOT NULL AUTO_INCREMENT,
  `name` varchar(255) NOT NULL,
  `alias` varchar(255) NOT NULL,
  `depends_on` varchar(255) DEFAULT NULL,
  `bar_input_id` int(10) unsigned NOT NULL,
  PRIMARY KEY (`id`),
  KEY `bar_input_variant_bar_input_id_index` (`bar_input_id`),
  CONSTRAINT `bar_input_variant_bar_input_id_foreign` FOREIGN KEY (`bar_input_id`) REFERENCES `bar_input` (`id`) ON UPDATE CASCADE
) ENGINE=InnoDB DEFAULT CHARSET=utf8mb4;

INSERT INTO `bar_input_variant` (`id`, `name`, `alias`, `depends_on`, `bar_input_id`) VALUES
(1,	'Одна SIM-карта',	'sim1',	NULL,	17),
(2,	'Две SIM-карты',	'sim2',	NULL,	17),
(3,	'Звук вкл. (то есть без значка)',	'null',	NULL,	20),
(4,	'Без звука',	'nosound',	NULL,	20),
(5,	'Вибрация',	'novibro',	NULL,	20),
(6,	'Нет',	'none',	NULL,	21),
(7,	'H+',	'h',	NULL,	21),
(8,	'4G',	'4g',	NULL,	21),
(9,	'Нет',	'none',	NULL,	23),
(10,	'Приём',	'in',	'{\"connection\":{\"$eq\":\"none\"}}',	23),
(11,	'Раздача',	'out',	'{\"connection\":{\"$ne\":\"none\"}}',	23),
(12,	'LTE',	'lte',	NULL,	30),
(13,	'Wi-Fi',	'wifi',	NULL,	30),
(14,	'Одна SIM-карта',	'sim1',	NULL,	32),
(15,	'Две SIM-карты',	'sim2',	NULL,	32),
(16,	'Одна SIM-карта',	'sim1',	NULL,	42),
(17,	'Две SIM-карты',	'sim2',	NULL,	42);

DROP TABLE IF EXISTS `currency`;
CREATE TABLE `currency` (
  `id` int(10) unsigned NOT NULL AUTO_INCREMENT,
  `alias` varchar(255) NOT NULL,
  `name` varchar(255) DEFAULT NULL,
  PRIMARY KEY (`id`),
  UNIQUE KEY `currency_alias_unique` (`alias`)
) ENGINE=InnoDB DEFAULT CHARSET=utf8mb4;

INSERT INTO `currency` (`id`, `alias`, `name`) VALUES
(1,	'usdt',	'USDT');

DROP TABLE IF EXISTS `device`;
CREATE TABLE `device` (
  `id` int(10) unsigned NOT NULL AUTO_INCREMENT,
  `name` varchar(255) NOT NULL,
  `alias` varchar(255) NOT NULL,
  PRIMARY KEY (`id`)
) ENGINE=InnoDB DEFAULT CHARSET=utf8mb4;

INSERT INTO `device` (`id`, `name`, `alias`) VALUES
(1,	'Samsung',	'samsung'),
(2,	'iPhone',	'iphone'),
(3,	'Xiaomi',	'xiaomi'),
(4,	'Realme',	'realme');

DROP TABLE IF EXISTS `device_bar_input`;
CREATE TABLE `device_bar_input` (
  `id` int(10) unsigned NOT NULL AUTO_INCREMENT,
  `device_id` int(10) unsigned NOT NULL,
  `input_id` int(10) unsigned NOT NULL,
  `hint` varchar(255) DEFAULT NULL,
  `optional` tinyint(1) DEFAULT '0',
  `range` text,
  `depends_on` varchar(255) DEFAULT NULL,
  `always_random` tinyint(1) DEFAULT '0',
  PRIMARY KEY (`id`),
  KEY `device_bar_input_device_id_index` (`device_id`),
  KEY `device_bar_input_input_id_index` (`input_id`),
  CONSTRAINT `device_bar_input_device_id_foreign` FOREIGN KEY (`device_id`) REFERENCES `device` (`id`) ON UPDATE CASCADE,
  CONSTRAINT `device_bar_input_input_id_foreign` FOREIGN KEY (`input_id`) REFERENCES `bar_input` (`id`) ON UPDATE CASCADE
) ENGINE=InnoDB DEFAULT CHARSET=utf8mb4;

INSERT INTO `device_bar_input` (`id`, `device_id`, `input_id`, `hint`, `optional`, `range`, `depends_on`, `always_random`) VALUES
(1,	3,	1,	NULL,	1,	NULL,	NULL,	0),
(2,	3,	2,	NULL,	0,	'1,5',	'{\"wifiAP\":{\"$ne\":false}}',	1),
(3,	3,	3,	NULL,	1,	NULL,	NULL,	0),
(4,	3,	4,	NULL,	0,	'1,5',	'{\"wifi\":{\"$ne\":false}}',	1),
(5,	3,	5,	NULL,	0,	'1,5',	NULL,	1),
(6,	3,	6,	NULL,	1,	NULL,	NULL,	0),
(7,	3,	7,	NULL,	0,	'1,100',	NULL,	1),
(8,	3,	8,	NULL,	0,	NULL,	NULL,	1),
(9,	3,	9,	NULL,	1,	NULL,	NULL,	0),
(10,	3,	10,	NULL,	1,	NULL,	NULL,	0),
(11,	3,	11,	NULL,	1,	NULL,	NULL,	0),
(12,	3,	12,	NULL,	1,	NULL,	NULL,	0),
(13,	3,	13,	NULL,	1,	NULL,	NULL,	0),
(14,	3,	14,	NULL,	1,	NULL,	NULL,	0),
(15,	3,	15,	NULL,	1,	NULL,	NULL,	0),
(16,	1,	16,	NULL,	0,	NULL,	NULL,	1),
(17,	1,	17,	NULL,	0,	NULL,	NULL,	0),
(18,	1,	18,	NULL,	0,	'1,4',	NULL,	1),
(19,	1,	19,	NULL,	0,	'1,4',	'{\"simnum\":{\"$eq\":\"sim2\"}}',	1),
(20,	1,	20,	NULL,	0,	NULL,	NULL,	0),
(21,	1,	21,	NULL,	0,	NULL,	NULL,	0),
(22,	1,	22,	NULL,	1,	NULL,	'{\"connection\":{\"$ne\":\"h\"},\"$or\":[{\"connection\":{\"$eq\":\"4g\"}},{\"wifiMode\":{\"$eq\":\"in\"}}]}',	0),
(23,	1,	23,	NULL,	0,	NULL,	NULL,	0),
(24,	1,	24,	NULL,	0,	'1,4',	'{\"wifiMode\":{\"$eq\":\"in\"}}',	1),
(25,	1,	25,	NULL,	0,	'1,100',	NULL,	1),
(26,	1,	26,	NULL,	1,	NULL,	NULL,	0),
(27,	1,	27,	NULL,	1,	NULL,	'{\"geoloc2\":{\"$ne\":false}}',	0),
(28,	1,	28,	NULL,	1,	NULL,	NULL,	0),
(29,	2,	29,	NULL,	1,	NULL,	NULL,	0),
(30,	2,	30,	NULL,	0,	NULL,	NULL,	1),
(31,	2,	31,	NULL,	0,	'1,3',	'{\"connection\":{\"$eq\":\"wifi\"}}',	1),
(32,	2,	32,	NULL,	0,	NULL,	NULL,	0),
(33,	2,	33,	NULL,	0,	'1,4',	NULL,	1),
(34,	2,	34,	NULL,	0,	'1,100',	NULL,	1),
(35,	2,	35,	NULL,	0,	NULL,	NULL,	1),
(36,	4,	36,	NULL,	0,	NULL,	NULL,	1),
(37,	4,	37,	NULL,	1,	NULL,	NULL,	0),
(38,	4,	38,	NULL,	1,	NULL,	NULL,	0),
(39,	4,	39,	NULL,	1,	NULL,	NULL,	0),
(40,	4,	40,	NULL,	0,	'0.01,999',	NULL,	1),
(41,	4,	41,	NULL,	1,	NULL,	NULL,	0),
(42,	4,	42,	NULL,	0,	NULL,	NULL,	0),
(43,	4,	43,	NULL,	0,	'1,4',	NULL,	1),
(44,	4,	44,	NULL,	0,	'1,4',	'{\"simnum\":{\"$eq\":\"sim2\"}}',	1),
(45,	4,	45,	NULL,	1,	NULL,	NULL,	1),
(46,	4,	46,	NULL,	0,	'1,4',	'{\"wifi\":{\"$ne\":false}}',	1),
(47,	4,	47,	NULL,	0,	'1,100',	NULL,	1);

DROP TABLE IF EXISTS `exchange`;
CREATE TABLE `exchange` (
  `id` int(10) unsigned NOT NULL AUTO_INCREMENT,
  `alias` varchar(255) NOT NULL,
  `name` varchar(255) DEFAULT NULL,
  PRIMARY KEY (`id`),
  UNIQUE KEY `exchange_alias_unique` (`alias`)
) ENGINE=InnoDB DEFAULT CHARSET=utf8mb4;

INSERT INTO `exchange` (`id`, `alias`, `name`) VALUES
(1,	'binance',	'Binance'),
(2,	'trust',	'Trust Wallet'),
(3,	'exodus',	'Exodus'),
(4,	'safepal',	'SafePal'),
(5,	'gate',	'Gate.io'),
(6,	'huobi',	'Huobi'),
(7,	'kucoin',	'KuCoin'),
(8,	'bitfinex',	'Bitfinex'),
(9,	'bitmart',	'BitMart'),
(10,	'cryptocom',	'Crypto.com'),
(11,	'okx',	'OKX'),
(12,	'ledger',	'Ledger'),
(13,	'metamask',	'MetaMask'),
(14,	'mexc',	'MEXC'),
(15,	'payeer',	'PAYEER'),
(16,	'bitget',	'Bitget'),
(17,	'kraken',	'Kraken'),
(18,	'coinbase',	'Coinbase'),
(19,	'bitpapa',	'Bitpapa'),
(20,	'exmo',	'EXMO'),
(21,	'garantex',	'Garantex'),
(22,	'cexio',	'CEX.IO'),
(23,	'bybit',	'Bybit');

DROP TABLE IF EXISTS `exchange_constant`;
CREATE TABLE `exchange_constant` (
  `id` int(10) unsigned NOT NULL AUTO_INCREMENT,
  `value` varchar(255) NOT NULL,
  `alias` varchar(255) NOT NULL,
  `exchange_network_id` int(10) unsigned NOT NULL,
  PRIMARY KEY (`id`),
  KEY `exchange_constant_exchange_network_id_index` (`exchange_network_id`),
  CONSTRAINT `exchange_constant_exchange_network_id_foreign` FOREIGN KEY (`exchange_network_id`) REFERENCES `exchange_network` (`id`) ON UPDATE CASCADE
) ENGINE=InnoDB DEFAULT CHARSET=utf8mb4;

INSERT INTO `exchange_constant` (`id`, `value`, `alias`, `exchange_network_id`) VALUES
(1,	'20 / 15',	'cs_confirm',	1),
(2,	'0.21 0.29 8',	'cs_com',	1),
(3,	'65 / 64',	'cs_confirm',	2),
(4,	'4.5 5.9 8',	'cs_com',	2),
(5,	'50 / 1',	'cs_confirm',	3),
(6,	'1.00000000',	'cs_com',	3),
(7,	'0.0001 0.00025 9',	'cs_com',	4),
(8,	'0.003 0.004 18',	'cs_com',	5),
(9,	'0',	'cs_com',	6),
(10,	'0.0002 0.0003 8',	'cs_com',	7),
(11,	'0.01 0.03 8',	'cs_com',	8),
(12,	'12 28 4',	'cs_com',	9),
(13,	'22197612 1 2023-04-05,21:00:00',	'cs_step',	10),
(14,	'4236183',	'cs_noncein',	10),
(15,	'9',	'cs_nonceout',	10),
(16,	'0.0005 0.0008 8',	'cs_comin',	10),
(17,	'0.0002 0.0004 8',	'cs_comout',	10),
(18,	'0x55d...97955',	'cs_network',	10),
(19,	'16984270 1 2023-04-05,21:00:00',	'cs_step',	11),
(20,	'6374408',	'cs_noncein',	11),
(21,	'0',	'cs_nonceout',	11),
(22,	'0.0002 0.0004 8',	'cs_com',	11),
(23,	'0xdac...31ec7',	'cs_network',	11),
(24,	'50035377 1 2023-04-05,21:00:00',	'cs_step',	12),
(25,	'TR7NH...jLj6t',	'cs_network',	12),
(26,	'1',	'cs_com',	13),
(27,	'140861850 5',	'cs_stepin',	13),
(28,	'34264669 5',	'cs_stepout',	13),
(29,	'7.7',	'cs_com',	14),
(30,	'140861850 5',	'cs_stepin',	14),
(31,	'34264669 5',	'cs_stepout',	14),
(32,	'1',	'cs_com',	15),
(33,	'140861850 5',	'cs_stepin',	15),
(34,	'34264669 5',	'cs_stepout',	15),
(35,	'4 8 8',	'cs_com',	16),
(36,	'4 8 8',	'cs_com',	17),
(37,	'1.00000000',	'cs_com',	18),
(38,	'20.00',	'cs_com',	19),
(39,	'12/64',	'cs_block',	19),
(40,	'1.00',	'cs_com',	20),
(41,	'3/3',	'cs_block',	20),
(42,	'20210896 5 2023-04-23,11:30:00',	'cs_stepin',	21),
(43,	'20279138 5 2023-04-23,11:30:00',	'cs_stepout',	21),
(44,	'20210896 5 2023-04-23,11:30:00',	'cs_stepin',	22),
(45,	'20279138 5 2023-04-23,11:30:00',	'cs_stepout',	22),
(46,	'25/25',	'cs_proc',	23),
(47,	'0',	'cs_comin',	23),
(48,	'1',	'cs_comout',	23),
(49,	'16953075 5 2023-04-07,18:00:00',	'cs_step',	23),
(50,	'BSC',	'cs_pair',	23),
(51,	'25/25',	'cs_proc',	24),
(52,	'0',	'cs_comin',	24),
(53,	'11',	'cs_comout',	24),
(54,	'16953075 5 2023-04-07,18:00:00',	'cs_step',	24),
(55,	'50/50',	'cs_proc',	25),
(56,	'0',	'cs_comin',	25),
(57,	'1',	'cs_comout',	25),
(58,	'16953075 5 2023-04-07,18:00:00',	'cs_step',	25),
(59,	'10',	'cs_com',	26),
(60,	'3 7 7',	'cs_com',	27),
(61,	'1',	'cs_com',	28),
(62,	'0.0001 0.0002 8',	'cs_comin',	29),
(63,	'0.0002 0.0003 8',	'cs_comout',	29),
(64,	'Binance-Peg',	'cs_acc',	29),
(65,	'232126 0.21',	'cs_step',	30),
(66,	'0.002 0.003 8',	'cs_comin',	30),
(67,	'0.001 0.002 8',	'cs_comout',	30),
(68,	'Tether',	'cs_acc',	30),
(69,	'945497 0.05',	'cs_step',	31),
(70,	'18 28 4',	'cs_comin',	31),
(71,	'12 18 4',	'cs_comout',	31),
(72,	'Tether',	'cs_acc',	31),
(73,	'Binance Smart Chain BEP-20',	'cs_net',	32),
(74,	'0.00005 0.00007 5',	'cs_com',	32),
(75,	'Ethereum Main Network',	'cs_net',	33),
(76,	'0.004 0.014 5',	'cs_com',	33),
(77,	'1',	'cs_com',	34),
(78,	'4',	'cs_com',	35),
(79,	':0',	'cs_tx',	35),
(80,	'1',	'cs_com',	36),
(81,	'5',	'cs_com',	37),
(82,	'1862877778 5 04.05.2023,23:50',	'cs_stepin',	37),
(83,	'1862892926 5 04.05.2023,23:50',	'cs_stepout',	37),
(84,	'Tether',	'cs_sys',	37),
(85,	'tether_erc_20',	'cs_sys2',	37),
(86,	'43',	'cs_appr',	37),
(87,	'2.5',	'cs_com',	38),
(88,	'1862877778 5 04.05.2023,23:50',	'cs_stepin',	38),
(89,	'USDT TRC-20',	'cs_sys',	38),
(90,	'1862892926 5 04.05.2023,23:50',	'cs_stepout',	38),
(91,	'49',	'cs_appr',	38),
(92,	'tether_trc_20',	'cs_sys2',	38),
(93,	'3 6 8',	'cs_comout',	39),
(94,	'3 6 8',	'cs_comout',	40),
(95,	'1',	'cs_comout',	41),
(96,	'2.50',	'cs_comout',	42),
(97,	'0.00',	'cs_comin',	42),
(98,	'1.00',	'cs_comout',	43),
(99,	'0.00',	'cs_comin',	43),
(100,	'2 8 6',	'cs_com',	44),
(101,	'231900 13',	'cs_step',	44),
(102,	'3',	'cs_com',	45),
(103,	'31816126 1 04.05.2023,00:30',	'cs_stepin',	46),
(104,	'11862389 1 04.05.2023,00:30',	'cs_stepout',	46),
(105,	'31813729 1 04.05.2023,00:30',	'cs_stepin',	47),
(106,	'11861663 1 04.05.2023,00:30',	'cs_stepout',	47),
(107,	'0.5',	'cs_comout',	48),
(108,	'5',	'cs_comout',	49),
(109,	'1',	'cs_comout',	50),
(110,	'0.3',	'cs_com',	54),
(111,	'5.5',	'cs_com',	55),
(112,	'1 2 0',	'cs_com',	56);

DROP TABLE IF EXISTS `exchange_network`;
CREATE TABLE `exchange_network` (
  `id` int(10) unsigned NOT NULL AUTO_INCREMENT,
  `exchange_id` int(10) unsigned NOT NULL,
  `network_id` int(10) unsigned NOT NULL,
  PRIMARY KEY (`id`),
  KEY `exchange_network_exchange_id_index` (`exchange_id`),
  KEY `exchange_network_network_id_index` (`network_id`),
  CONSTRAINT `exchange_network_exchange_id_foreign` FOREIGN KEY (`exchange_id`) REFERENCES `exchange` (`id`) ON UPDATE CASCADE,
  CONSTRAINT `exchange_network_network_id_foreign` FOREIGN KEY (`network_id`) REFERENCES `network` (`id`) ON UPDATE CASCADE
) ENGINE=InnoDB DEFAULT CHARSET=utf8mb4;

INSERT INTO `exchange_network` (`id`, `exchange_id`, `network_id`) VALUES
(1,	1,	1),
(2,	1,	2),
(3,	1,	3),
(4,	2,	1),
(5,	2,	2),
(6,	2,	3),
(7,	3,	1),
(8,	3,	2),
(9,	3,	3),
(10,	4,	1),
(11,	4,	2),
(12,	4,	3),
(13,	5,	1),
(14,	5,	2),
(15,	5,	3),
(16,	6,	1),
(17,	6,	2),
(18,	6,	3),
(19,	7,	2),
(20,	7,	3),
(21,	8,	2),
(22,	8,	3),
(23,	9,	1),
(24,	9,	2),
(25,	9,	3),
(26,	10,	2),
(27,	11,	2),
(28,	11,	3),
(29,	12,	1),
(30,	12,	2),
(31,	12,	3),
(32,	13,	1),
(33,	13,	2),
(34,	14,	1),
(35,	14,	2),
(36,	14,	3),
(37,	15,	2),
(38,	15,	3),
(39,	16,	1),
(40,	16,	2),
(41,	16,	3),
(42,	17,	2),
(43,	17,	3),
(44,	18,	2),
(45,	19,	2),
(46,	20,	2),
(47,	20,	3),
(48,	21,	1),
(49,	21,	2),
(50,	21,	3),
(51,	22,	1),
(52,	22,	2),
(53,	22,	3),
(54,	23,	1),
(55,	23,	2),
(56,	23,	3);

DROP TABLE IF EXISTS `input`;
CREATE TABLE `input` (
  `id` int(10) unsigned NOT NULL AUTO_INCREMENT,
  `alias` varchar(255) NOT NULL,
  `optional` tinyint(1) DEFAULT '0',
  `hidden` tinyint(1) DEFAULT '0',
  `hint` varchar(255) DEFAULT NULL,
  `name` varchar(255) DEFAULT NULL,
  `depends_on` varchar(255) DEFAULT NULL,
  `input_alias_id` int(10) unsigned DEFAULT NULL,
  `theme_id` int(10) unsigned NOT NULL,
  PRIMARY KEY (`id`),
  KEY `input_input_alias_id_index` (`input_alias_id`),
  KEY `input_theme_id_index` (`theme_id`),
  CONSTRAINT `input_input_alias_id_foreign` FOREIGN KEY (`input_alias_id`) REFERENCES `input_alias` (`id`) ON DELETE SET NULL ON UPDATE CASCADE,
  CONSTRAINT `input_theme_id_foreign` FOREIGN KEY (`theme_id`) REFERENCES `theme` (`id`) ON UPDATE CASCADE
) ENGINE=InnoDB DEFAULT CHARSET=utf8mb4;

INSERT INTO `input` (`id`, `alias`, `optional`, `hidden`, `hint`, `name`, `depends_on`, `input_alias_id`, `theme_id`) VALUES
(1,	'tz',	NULL,	1,	NULL,	'Часовая зона',	NULL,	5,	1),
(2,	'sum',	0,	NULL,	NULL,	'Сумма',	NULL,	1,	1),
(3,	'address',	0,	NULL,	NULL,	'Адрес',	NULL,	2,	1),
(4,	'txid',	0,	NULL,	NULL,	'Txid',	NULL,	3,	1),
(5,	'date',	0,	NULL,	'Формат: ДД.ММ.ГГГГ ЧЧ:ММ',	'Дата транзакции',	NULL,	4,	1),
(6,	't1in',	0,	NULL,	NULL,	NULL,	NULL,	NULL,	1),
(7,	't1out',	0,	NULL,	NULL,	NULL,	NULL,	NULL,	1),
(8,	't2',	0,	NULL,	NULL,	NULL,	NULL,	NULL,	1),
(9,	't3',	0,	NULL,	NULL,	NULL,	NULL,	NULL,	1),
(10,	't4in',	0,	NULL,	NULL,	NULL,	NULL,	NULL,	1),
(11,	't4out',	0,	NULL,	NULL,	NULL,	NULL,	NULL,	1),
(12,	't5',	0,	NULL,	NULL,	NULL,	NULL,	NULL,	1),
(13,	't6',	0,	NULL,	NULL,	NULL,	NULL,	NULL,	1),
(14,	't7in',	0,	NULL,	NULL,	NULL,	NULL,	NULL,	1),
(15,	't7out',	0,	NULL,	NULL,	NULL,	NULL,	NULL,	1),
(16,	't8',	0,	NULL,	NULL,	NULL,	NULL,	NULL,	1),
(17,	't9',	0,	NULL,	NULL,	NULL,	NULL,	NULL,	1),
(18,	't10',	0,	NULL,	NULL,	NULL,	NULL,	NULL,	1),
(19,	't11',	0,	NULL,	NULL,	NULL,	NULL,	NULL,	1),
(20,	't12',	0,	NULL,	NULL,	NULL,	NULL,	NULL,	1),
(21,	't13',	0,	NULL,	NULL,	NULL,	NULL,	NULL,	1),
(22,	't14',	0,	NULL,	NULL,	NULL,	NULL,	NULL,	1),
(23,	't15',	0,	NULL,	NULL,	NULL,	NULL,	NULL,	1),
(24,	't16',	0,	NULL,	NULL,	NULL,	NULL,	NULL,	1),
(25,	't17',	0,	NULL,	NULL,	NULL,	NULL,	NULL,	1),
(26,	't18',	0,	NULL,	NULL,	NULL,	NULL,	NULL,	1),
(27,	't19',	0,	NULL,	NULL,	NULL,	NULL,	NULL,	1),
(28,	'tz',	NULL,	1,	NULL,	'Часовая зона',	NULL,	5,	2),
(29,	'sum',	0,	NULL,	NULL,	'Сумма',	NULL,	1,	2),
(30,	'address',	0,	NULL,	NULL,	'Адрес',	NULL,	2,	2),
(31,	'txid',	0,	NULL,	NULL,	'Txid',	NULL,	3,	2),
(32,	'date',	0,	NULL,	'Формат: ДД.ММ.ГГГГ ЧЧ:ММ',	'Дата транзакции',	NULL,	4,	2),
(33,	't1in',	0,	NULL,	NULL,	NULL,	NULL,	NULL,	2),
(34,	't1out',	0,	NULL,	NULL,	NULL,	NULL,	NULL,	2),
(35,	't2',	0,	NULL,	NULL,	NULL,	NULL,	NULL,	2),
(36,	't3',	0,	NULL,	NULL,	NULL,	NULL,	NULL,	2),
(37,	't4in',	0,	NULL,	NULL,	NULL,	NULL,	NULL,	2),
(38,	't4out',	0,	NULL,	NULL,	NULL,	NULL,	NULL,	2),
(39,	't5',	0,	NULL,	NULL,	NULL,	NULL,	NULL,	2),
(40,	't6',	0,	NULL,	NULL,	NULL,	NULL,	NULL,	2),
(41,	't7in',	0,	NULL,	NULL,	NULL,	NULL,	NULL,	2),
(42,	't7out',	0,	NULL,	NULL,	NULL,	NULL,	NULL,	2),
(43,	't8',	0,	NULL,	NULL,	NULL,	NULL,	NULL,	2),
(44,	't9',	0,	NULL,	NULL,	NULL,	NULL,	NULL,	2),
(45,	't10',	0,	NULL,	NULL,	NULL,	NULL,	NULL,	2),
(46,	't11',	0,	NULL,	NULL,	NULL,	NULL,	NULL,	2),
(47,	't12',	0,	NULL,	NULL,	NULL,	NULL,	NULL,	2),
(48,	't13',	0,	NULL,	NULL,	NULL,	NULL,	NULL,	2),
(49,	't14',	0,	NULL,	NULL,	NULL,	NULL,	NULL,	2),
(50,	't15',	0,	NULL,	NULL,	NULL,	NULL,	NULL,	2),
(51,	't16',	0,	NULL,	NULL,	NULL,	NULL,	NULL,	2),
(52,	't17',	0,	NULL,	NULL,	NULL,	NULL,	NULL,	2),
(53,	't18',	0,	NULL,	NULL,	NULL,	NULL,	NULL,	2),
(54,	't19',	0,	NULL,	NULL,	NULL,	NULL,	NULL,	2),
(55,	'tz',	NULL,	1,	NULL,	'Часовая зона',	NULL,	5,	3),
(56,	'sum',	0,	NULL,	NULL,	'Сумма',	NULL,	1,	3),
(57,	'date',	0,	NULL,	'Формат: ДД.ММ.ГГГГ ЧЧ:ММ',	'Дата транзакции',	NULL,	4,	3),
(58,	'address',	0,	NULL,	NULL,	'Отправитель/получатель',	NULL,	2,	3),
(59,	'nonce',	1,	NULL,	NULL,	'Nonce',	'[{\"field\":\"network\",\"value\":[\"bep20\",\"erc20\"]}]',	6,	3),
(60,	't1',	0,	NULL,	NULL,	NULL,	NULL,	NULL,	3),
(61,	't2',	0,	NULL,	NULL,	NULL,	NULL,	NULL,	3),
(62,	't3',	0,	NULL,	NULL,	NULL,	NULL,	NULL,	3),
(63,	't4',	0,	NULL,	NULL,	NULL,	NULL,	NULL,	3),
(64,	't5',	0,	NULL,	NULL,	NULL,	NULL,	NULL,	3),
(65,	't6',	0,	NULL,	NULL,	NULL,	NULL,	NULL,	3),
(66,	't7',	0,	NULL,	NULL,	NULL,	NULL,	NULL,	3),
(67,	't8in',	0,	NULL,	NULL,	NULL,	NULL,	NULL,	3),
(68,	't8out',	0,	NULL,	NULL,	NULL,	NULL,	NULL,	3),
(69,	'tz',	NULL,	1,	NULL,	'Часовая зона',	NULL,	5,	4),
(70,	'sum',	0,	NULL,	NULL,	'Сумма',	NULL,	1,	4),
(71,	'date',	0,	NULL,	'Формат: ДД.ММ.ГГГГ ЧЧ:ММ',	'Дата транзакции',	NULL,	4,	4),
(72,	'address',	0,	NULL,	NULL,	'Отправитель/получатель',	NULL,	2,	4),
(73,	'nonce',	1,	NULL,	NULL,	'Nonce',	'[{\"field\":\"network\",\"value\":[\"bep20\",\"erc20\"]}]',	6,	4),
(74,	't1',	0,	NULL,	NULL,	NULL,	NULL,	NULL,	4),
(75,	't2',	0,	NULL,	NULL,	NULL,	NULL,	NULL,	4),
(76,	't3',	0,	NULL,	NULL,	NULL,	NULL,	NULL,	4),
(77,	't4',	0,	NULL,	NULL,	NULL,	NULL,	NULL,	4),
(78,	't5',	0,	NULL,	NULL,	NULL,	NULL,	NULL,	4),
(79,	't6',	0,	NULL,	NULL,	NULL,	NULL,	NULL,	4),
(80,	't7',	0,	NULL,	NULL,	NULL,	NULL,	NULL,	4),
(81,	't8in',	0,	NULL,	NULL,	NULL,	NULL,	NULL,	4),
(82,	't8out',	0,	NULL,	NULL,	NULL,	NULL,	NULL,	4),
(83,	'tz',	NULL,	1,	NULL,	'Часовая зона',	NULL,	5,	5),
(84,	'sum',	0,	NULL,	NULL,	'Сумма',	NULL,	1,	5),
(85,	'date',	0,	NULL,	'Формат: ДД.ММ.ГГГГ ЧЧ:ММ',	'Дата транзакции',	NULL,	4,	5),
(86,	'address',	0,	NULL,	NULL,	'Адрес',	'[{\"field\":\"network\",\"value\":[\"bep20\",\"erc20\"]}]',	2,	5),
(87,	'txid',	0,	NULL,	NULL,	'ID транзакции',	NULL,	3,	5),
(88,	't1',	0,	NULL,	NULL,	NULL,	NULL,	NULL,	5),
(89,	't2',	0,	NULL,	NULL,	NULL,	NULL,	NULL,	5),
(90,	't3',	0,	NULL,	NULL,	NULL,	NULL,	NULL,	5),
(91,	't4',	0,	NULL,	NULL,	NULL,	NULL,	NULL,	5),
(92,	't5',	0,	NULL,	NULL,	NULL,	NULL,	NULL,	5),
(93,	't6',	0,	NULL,	NULL,	NULL,	NULL,	NULL,	5),
(94,	't7',	0,	NULL,	NULL,	NULL,	NULL,	NULL,	5),
(95,	't8',	0,	NULL,	NULL,	NULL,	NULL,	NULL,	5),
(96,	't9',	0,	NULL,	NULL,	NULL,	NULL,	NULL,	5),
(97,	't10in',	0,	NULL,	NULL,	NULL,	NULL,	NULL,	5),
(98,	't10out',	0,	NULL,	NULL,	NULL,	NULL,	NULL,	5),
(99,	't11in',	0,	NULL,	NULL,	NULL,	NULL,	NULL,	5),
(100,	't11out',	0,	NULL,	NULL,	NULL,	NULL,	NULL,	5),
(101,	't12',	0,	NULL,	NULL,	NULL,	NULL,	NULL,	5),
(102,	'tz',	NULL,	1,	NULL,	'Часовая зона',	NULL,	5,	6),
(103,	'sum',	0,	NULL,	NULL,	'Сумма',	NULL,	1,	6),
(104,	'date',	0,	NULL,	'Формат: ДД.ММ.ГГГГ ЧЧ:ММ',	'Дата транзакции',	NULL,	4,	6),
(105,	'address',	0,	NULL,	NULL,	'От',	NULL,	2,	6),
(106,	'address2',	0,	NULL,	NULL,	'На',	NULL,	7,	6),
(107,	'txid',	0,	NULL,	NULL,	'TxID',	NULL,	3,	6),
(108,	'height',	1,	NULL,	NULL,	'Высота',	NULL,	8,	6),
(109,	't1',	0,	NULL,	NULL,	NULL,	NULL,	NULL,	6),
(110,	't2',	0,	NULL,	NULL,	NULL,	NULL,	NULL,	6),
(111,	't3',	0,	NULL,	NULL,	NULL,	NULL,	NULL,	6),
(112,	't4',	0,	NULL,	NULL,	NULL,	NULL,	NULL,	6),
(113,	't5',	0,	NULL,	NULL,	NULL,	NULL,	NULL,	6),
(114,	't6',	0,	NULL,	NULL,	NULL,	NULL,	NULL,	6),
(115,	't7',	0,	NULL,	NULL,	NULL,	NULL,	NULL,	6),
(116,	't8',	0,	NULL,	NULL,	NULL,	NULL,	NULL,	6),
(117,	't9in',	0,	NULL,	NULL,	NULL,	NULL,	NULL,	6),
(118,	't9out',	0,	NULL,	NULL,	NULL,	NULL,	NULL,	6),
(119,	't10',	0,	NULL,	NULL,	NULL,	NULL,	NULL,	6),
(120,	't11',	0,	NULL,	NULL,	NULL,	NULL,	NULL,	6),
(121,	't12',	0,	NULL,	NULL,	NULL,	NULL,	NULL,	6),
(122,	't13',	0,	NULL,	NULL,	NULL,	NULL,	NULL,	6),
(123,	't14',	0,	NULL,	NULL,	NULL,	NULL,	NULL,	6),
(124,	'tz',	NULL,	1,	NULL,	'Часовая зона',	NULL,	5,	7),
(125,	'sum',	0,	NULL,	NULL,	'Сумма',	NULL,	1,	7),
(126,	'date',	0,	NULL,	'Формат: ДД.ММ.ГГГГ ЧЧ:ММ',	'Дата транзакции',	NULL,	4,	7),
(127,	'address',	0,	NULL,	NULL,	'От',	NULL,	2,	7),
(128,	'address2',	0,	NULL,	NULL,	'На',	NULL,	7,	7),
(129,	'txid',	0,	NULL,	NULL,	'TxID',	NULL,	3,	7),
(130,	'height',	1,	NULL,	NULL,	'Высота',	NULL,	8,	7),
(131,	't1',	0,	NULL,	NULL,	NULL,	NULL,	NULL,	7),
(132,	't2',	0,	NULL,	NULL,	NULL,	NULL,	NULL,	7),
(133,	't3',	0,	NULL,	NULL,	NULL,	NULL,	NULL,	7),
(134,	't4',	0,	NULL,	NULL,	NULL,	NULL,	NULL,	7),
(135,	't5',	0,	NULL,	NULL,	NULL,	NULL,	NULL,	7),
(136,	't6',	0,	NULL,	NULL,	NULL,	NULL,	NULL,	7),
(137,	't7',	0,	NULL,	NULL,	NULL,	NULL,	NULL,	7),
(138,	't8',	0,	NULL,	NULL,	NULL,	NULL,	NULL,	7),
(139,	't9in',	0,	NULL,	NULL,	NULL,	NULL,	NULL,	7),
(140,	't9out',	0,	NULL,	NULL,	NULL,	NULL,	NULL,	7),
(141,	't10',	0,	NULL,	NULL,	NULL,	NULL,	NULL,	7),
(142,	't11',	0,	NULL,	NULL,	NULL,	NULL,	NULL,	7),
(143,	't12',	0,	NULL,	NULL,	NULL,	NULL,	NULL,	7),
(144,	't13',	0,	NULL,	NULL,	NULL,	NULL,	NULL,	7),
(145,	't14',	0,	NULL,	NULL,	NULL,	NULL,	NULL,	7),
(146,	'tz',	NULL,	1,	NULL,	'Часовая зона',	NULL,	5,	8),
(147,	'sum',	0,	NULL,	NULL,	'Сумма',	NULL,	1,	8),
(148,	'date',	0,	NULL,	'Формат: ДД.ММ.ГГГГ ЧЧ:ММ',	'Дата транзакции',	NULL,	4,	8),
(149,	'order',	1,	NULL,	NULL,	'ID Ордера',	NULL,	9,	8),
(150,	'address',	0,	NULL,	NULL,	'Адрес',	NULL,	2,	8),
(151,	'txid',	0,	NULL,	NULL,	'TXID',	NULL,	3,	8),
(152,	't1in',	0,	NULL,	NULL,	NULL,	NULL,	NULL,	8),
(153,	't1out',	0,	NULL,	NULL,	NULL,	NULL,	NULL,	8),
(154,	't2',	0,	NULL,	NULL,	NULL,	NULL,	NULL,	8),
(155,	't3',	0,	NULL,	NULL,	NULL,	NULL,	NULL,	8),
(156,	't4in',	0,	NULL,	NULL,	NULL,	NULL,	NULL,	8),
(157,	't4out',	0,	NULL,	NULL,	NULL,	NULL,	NULL,	8),
(158,	't5in',	0,	NULL,	NULL,	NULL,	NULL,	NULL,	8),
(159,	't5out',	0,	NULL,	NULL,	NULL,	NULL,	NULL,	8),
(160,	't6',	0,	NULL,	NULL,	NULL,	NULL,	NULL,	8),
(161,	't7',	0,	NULL,	NULL,	NULL,	NULL,	NULL,	8),
(162,	't8',	0,	NULL,	NULL,	NULL,	NULL,	NULL,	8),
(163,	't9in',	0,	NULL,	NULL,	NULL,	NULL,	NULL,	8),
(164,	't9out',	0,	NULL,	NULL,	NULL,	NULL,	NULL,	8),
(165,	't10',	0,	NULL,	NULL,	NULL,	NULL,	NULL,	8),
(166,	't11',	0,	NULL,	NULL,	NULL,	NULL,	NULL,	8),
(167,	'tz',	NULL,	1,	NULL,	'Часовая зона',	NULL,	5,	9),
(168,	'sum',	0,	NULL,	NULL,	'Сумма',	NULL,	1,	9),
(169,	'date',	0,	NULL,	'Формат: ДД.ММ.ГГГГ ЧЧ:ММ',	'Дата транзакции',	NULL,	4,	9),
(170,	'order',	1,	NULL,	NULL,	'ID Ордера',	NULL,	9,	9),
(171,	'address',	0,	NULL,	NULL,	'Адрес',	NULL,	2,	9),
(172,	'txid',	0,	NULL,	NULL,	'TXID',	NULL,	3,	9),
(173,	't1in',	0,	NULL,	NULL,	NULL,	NULL,	NULL,	9),
(174,	't1out',	0,	NULL,	NULL,	NULL,	NULL,	NULL,	9),
(175,	't2',	0,	NULL,	NULL,	NULL,	NULL,	NULL,	9),
(176,	't3',	0,	NULL,	NULL,	NULL,	NULL,	NULL,	9),
(177,	't4in',	0,	NULL,	NULL,	NULL,	NULL,	NULL,	9),
(178,	't4out',	0,	NULL,	NULL,	NULL,	NULL,	NULL,	9),
(179,	't5in',	0,	NULL,	NULL,	NULL,	NULL,	NULL,	9),
(180,	't5out',	0,	NULL,	NULL,	NULL,	NULL,	NULL,	9),
(181,	't6',	0,	NULL,	NULL,	NULL,	NULL,	NULL,	9),
(182,	't7',	0,	NULL,	NULL,	NULL,	NULL,	NULL,	9),
(183,	't8',	0,	NULL,	NULL,	NULL,	NULL,	NULL,	9),
(184,	't9in',	0,	NULL,	NULL,	NULL,	NULL,	NULL,	9),
(185,	't9out',	0,	NULL,	NULL,	NULL,	NULL,	NULL,	9),
(186,	't10',	0,	NULL,	NULL,	NULL,	NULL,	NULL,	9),
(187,	't11',	0,	NULL,	NULL,	NULL,	NULL,	NULL,	9),
(188,	'tz',	NULL,	1,	NULL,	'Часовая зона',	NULL,	5,	10),
(189,	'sum',	0,	NULL,	NULL,	'Сумма',	NULL,	1,	10),
(190,	'address',	0,	NULL,	NULL,	'Адрес вывода',	'[{\"field\":\"direction\",\"value\":[\"out\"]}]',	2,	10),
(191,	'com',	1,	NULL,	NULL,	'Комиссия',	'[{\"field\":\"network\",\"value\":[\"erc20\",\"bep20\"]},{\"field\":\"direction\",\"value\":[\"out\"]}]',	10,	10),
(192,	'txid',	0,	NULL,	NULL,	'TxID',	NULL,	3,	10),
(193,	'date',	0,	NULL,	'Формат: ДД.ММ.ГГГГ ЧЧ:ММ',	'Дата транзакции',	NULL,	4,	10),
(194,	't1',	0,	NULL,	NULL,	NULL,	NULL,	NULL,	10),
(195,	't2in',	0,	NULL,	NULL,	NULL,	NULL,	NULL,	10),
(196,	't2out',	0,	NULL,	NULL,	NULL,	NULL,	NULL,	10),
(197,	't3',	0,	NULL,	NULL,	NULL,	NULL,	NULL,	10),
(198,	't4',	0,	NULL,	NULL,	NULL,	NULL,	NULL,	10),
(199,	't5',	0,	NULL,	NULL,	NULL,	NULL,	NULL,	10),
(200,	't6',	0,	NULL,	NULL,	NULL,	NULL,	NULL,	10),
(201,	't7',	0,	NULL,	NULL,	NULL,	NULL,	NULL,	10),
(202,	't8',	0,	NULL,	NULL,	NULL,	NULL,	NULL,	10),
(203,	't9',	0,	NULL,	NULL,	NULL,	NULL,	NULL,	10),
(204,	't10',	0,	NULL,	NULL,	NULL,	NULL,	NULL,	10),
(205,	'tz',	NULL,	1,	NULL,	'Часовая зона',	NULL,	5,	11),
(206,	'sum',	0,	NULL,	NULL,	'Сумма',	NULL,	1,	11),
(207,	'address',	0,	NULL,	NULL,	'Адрес вывода',	'[{\"field\":\"direction\",\"value\":[\"out\"]}]',	2,	11),
(208,	'com',	1,	NULL,	NULL,	'Комиссия',	'[{\"field\":\"network\",\"value\":[\"erc20\",\"bep20\"]},{\"field\":\"direction\",\"value\":[\"out\"]}]',	10,	11),
(209,	'txid',	0,	NULL,	NULL,	'TxID',	NULL,	3,	11),
(210,	'date',	0,	NULL,	'Формат: ДД.ММ.ГГГГ ЧЧ:ММ',	'Дата транзакции',	NULL,	4,	11),
(211,	't1',	0,	NULL,	NULL,	NULL,	NULL,	NULL,	11),
(212,	't2in',	0,	NULL,	NULL,	NULL,	NULL,	NULL,	11),
(213,	't2out',	0,	NULL,	NULL,	NULL,	NULL,	NULL,	11),
(214,	't3',	0,	NULL,	NULL,	NULL,	NULL,	NULL,	11),
(215,	't4',	0,	NULL,	NULL,	NULL,	NULL,	NULL,	11),
(216,	't5',	0,	NULL,	NULL,	NULL,	NULL,	NULL,	11),
(217,	't6',	0,	NULL,	NULL,	NULL,	NULL,	NULL,	11),
(218,	't7',	0,	NULL,	NULL,	NULL,	NULL,	NULL,	11),
(219,	't8',	0,	NULL,	NULL,	NULL,	NULL,	NULL,	11),
(220,	't9',	0,	NULL,	NULL,	NULL,	NULL,	NULL,	11),
(221,	't10',	0,	NULL,	NULL,	NULL,	NULL,	NULL,	11),
(222,	'tz',	NULL,	1,	NULL,	'Часовая зона',	NULL,	5,	12),
(223,	'sum',	0,	NULL,	NULL,	'Сумма',	NULL,	1,	12),
(224,	'block',	1,	NULL,	NULL,	'Block(s)',	'[{\"field\":\"direction\",\"value\":[\"in\"]}]',	11,	12),
(225,	'com',	1,	NULL,	NULL,	'Комиссия',	'[{\"field\":\"direction\",\"value\":[\"out\"]}]',	10,	12),
(226,	'date',	0,	NULL,	'Формат: ДД.ММ.ГГГГ ЧЧ:ММ',	'Дата транзакции',	NULL,	4,	12),
(227,	'msg',	1,	NULL,	NULL,	'Сообщение',	'[{\"field\":\"direction\",\"value\":[\"out\"]}]',	12,	12),
(228,	'address',	0,	NULL,	NULL,	'Адрес/Аккаунт',	NULL,	2,	12),
(229,	'txid',	0,	NULL,	NULL,	'TxHash',	NULL,	3,	12),
(230,	't1in',	0,	NULL,	NULL,	NULL,	NULL,	NULL,	12),
(231,	't1out',	0,	NULL,	NULL,	NULL,	NULL,	NULL,	12),
(232,	't2',	0,	NULL,	NULL,	NULL,	NULL,	NULL,	12),
(233,	't3',	0,	NULL,	NULL,	NULL,	NULL,	NULL,	12),
(234,	't4',	0,	NULL,	NULL,	NULL,	NULL,	NULL,	12),
(235,	't5',	0,	NULL,	NULL,	NULL,	NULL,	NULL,	12),
(236,	't6',	0,	NULL,	NULL,	NULL,	NULL,	NULL,	12),
(237,	't7in',	0,	NULL,	NULL,	NULL,	NULL,	NULL,	12),
(238,	't7out',	0,	NULL,	NULL,	NULL,	NULL,	NULL,	12),
(239,	't8',	0,	NULL,	NULL,	NULL,	NULL,	NULL,	12),
(240,	't9',	0,	NULL,	NULL,	NULL,	NULL,	NULL,	12),
(241,	't10',	0,	NULL,	NULL,	NULL,	NULL,	NULL,	12),
(242,	't11',	0,	NULL,	NULL,	NULL,	NULL,	NULL,	12),
(243,	't12',	0,	NULL,	NULL,	NULL,	NULL,	NULL,	12),
(244,	't13',	0,	NULL,	NULL,	NULL,	NULL,	NULL,	12),
(245,	'tz',	NULL,	1,	NULL,	'Часовая зона',	NULL,	5,	13),
(246,	'sum',	0,	NULL,	NULL,	'Сумма',	NULL,	1,	13),
(247,	'block',	1,	NULL,	NULL,	'Block(s)',	'[{\"field\":\"direction\",\"value\":[\"in\"]}]',	11,	13),
(248,	'com',	1,	NULL,	NULL,	'Комиссия',	'[{\"field\":\"direction\",\"value\":[\"out\"]}]',	10,	13),
(249,	'date',	0,	NULL,	'Формат: ДД.ММ.ГГГГ ЧЧ:ММ',	'Дата транзакции',	NULL,	4,	13),
(250,	'msg',	1,	NULL,	NULL,	'Сообщение',	'[{\"field\":\"direction\",\"value\":[\"out\"]}]',	12,	13),
(251,	'address',	0,	NULL,	NULL,	'Адрес/Аккаунт',	NULL,	2,	13),
(252,	'txid',	0,	NULL,	NULL,	'TxHash',	NULL,	3,	13),
(253,	't1in',	0,	NULL,	NULL,	NULL,	NULL,	NULL,	13),
(254,	't1out',	0,	NULL,	NULL,	NULL,	NULL,	NULL,	13),
(255,	't2',	0,	NULL,	NULL,	NULL,	NULL,	NULL,	13),
(256,	't3',	0,	NULL,	NULL,	NULL,	NULL,	NULL,	13),
(257,	't4',	0,	NULL,	NULL,	NULL,	NULL,	NULL,	13),
(258,	't5',	0,	NULL,	NULL,	NULL,	NULL,	NULL,	13),
(259,	't6',	0,	NULL,	NULL,	NULL,	NULL,	NULL,	13),
(260,	't7in',	0,	NULL,	NULL,	NULL,	NULL,	NULL,	13),
(261,	't7out',	0,	NULL,	NULL,	NULL,	NULL,	NULL,	13),
(262,	't8',	0,	NULL,	NULL,	NULL,	NULL,	NULL,	13),
(263,	't9',	0,	NULL,	NULL,	NULL,	NULL,	NULL,	13),
(264,	't10',	0,	NULL,	NULL,	NULL,	NULL,	NULL,	13),
(265,	't11',	0,	NULL,	NULL,	NULL,	NULL,	NULL,	13),
(266,	't12',	0,	NULL,	NULL,	NULL,	NULL,	NULL,	13),
(267,	't13',	0,	NULL,	NULL,	NULL,	NULL,	NULL,	13),
(268,	'tz',	NULL,	1,	NULL,	'Часовая зона',	NULL,	5,	14),
(269,	'id',	1,	NULL,	NULL,	'ID',	NULL,	13,	14),
(270,	'sum',	0,	NULL,	NULL,	'Сумма',	NULL,	1,	14),
(271,	'date',	0,	NULL,	'Формат: ДД.ММ.ГГГГ ЧЧ:ММ',	'Создано',	NULL,	4,	14),
(272,	'dateup',	1,	NULL,	NULL,	'Обновлено',	NULL,	14,	14),
(273,	'address',	0,	NULL,	NULL,	'Адрес',	NULL,	2,	14),
(274,	'txid',	0,	NULL,	NULL,	'Txid',	NULL,	3,	14),
(275,	't1in',	0,	NULL,	NULL,	NULL,	NULL,	NULL,	14),
(276,	't1out',	0,	NULL,	NULL,	NULL,	NULL,	NULL,	14),
(277,	't2',	0,	NULL,	NULL,	NULL,	NULL,	NULL,	14),
(278,	't3',	0,	NULL,	NULL,	NULL,	NULL,	NULL,	14),
(279,	't4',	0,	NULL,	NULL,	NULL,	NULL,	NULL,	14),
(280,	't5',	0,	NULL,	NULL,	NULL,	NULL,	NULL,	14),
(281,	't6',	0,	NULL,	NULL,	NULL,	NULL,	NULL,	14),
(282,	't7',	0,	NULL,	NULL,	NULL,	NULL,	NULL,	14),
(283,	't8',	0,	NULL,	NULL,	NULL,	NULL,	NULL,	14),
(284,	't9',	0,	NULL,	NULL,	NULL,	NULL,	NULL,	14),
(285,	't10',	0,	NULL,	NULL,	NULL,	NULL,	NULL,	14),
(286,	't11',	0,	NULL,	NULL,	NULL,	NULL,	NULL,	14),
(287,	't12',	0,	NULL,	NULL,	NULL,	NULL,	NULL,	14),
(288,	't13in',	0,	NULL,	NULL,	NULL,	NULL,	NULL,	14),
(289,	't13out',	0,	NULL,	NULL,	NULL,	NULL,	NULL,	14),
(290,	't14',	0,	NULL,	NULL,	NULL,	NULL,	NULL,	14),
(291,	't15',	0,	NULL,	NULL,	NULL,	NULL,	NULL,	14),
(292,	'tz',	NULL,	1,	NULL,	'Часовая зона',	NULL,	5,	15),
(293,	'id',	1,	NULL,	NULL,	'ID',	NULL,	13,	15),
(294,	'sum',	0,	NULL,	NULL,	'Сумма',	NULL,	1,	15),
(295,	'date',	0,	NULL,	'Формат: ДД.ММ.ГГГГ ЧЧ:ММ',	'Создано',	NULL,	4,	15),
(296,	'dateup',	1,	NULL,	NULL,	'Обновлено',	NULL,	14,	15),
(297,	'address',	0,	NULL,	NULL,	'Адрес',	NULL,	2,	15),
(298,	'txid',	0,	NULL,	NULL,	'Txid',	NULL,	3,	15),
(299,	't1in',	0,	NULL,	NULL,	NULL,	NULL,	NULL,	15),
(300,	't1out',	0,	NULL,	NULL,	NULL,	NULL,	NULL,	15),
(301,	't2',	0,	NULL,	NULL,	NULL,	NULL,	NULL,	15),
(302,	't3',	0,	NULL,	NULL,	NULL,	NULL,	NULL,	15),
(303,	't4',	0,	NULL,	NULL,	NULL,	NULL,	NULL,	15),
(304,	't5',	0,	NULL,	NULL,	NULL,	NULL,	NULL,	15),
(305,	't6',	0,	NULL,	NULL,	NULL,	NULL,	NULL,	15),
(306,	't7',	0,	NULL,	NULL,	NULL,	NULL,	NULL,	15),
(307,	't8',	0,	NULL,	NULL,	NULL,	NULL,	NULL,	15),
(308,	't9',	0,	NULL,	NULL,	NULL,	NULL,	NULL,	15),
(309,	't10',	0,	NULL,	NULL,	NULL,	NULL,	NULL,	15),
(310,	't11',	0,	NULL,	NULL,	NULL,	NULL,	NULL,	15),
(311,	't12',	0,	NULL,	NULL,	NULL,	NULL,	NULL,	15),
(312,	't13in',	0,	NULL,	NULL,	NULL,	NULL,	NULL,	15),
(313,	't13out',	0,	NULL,	NULL,	NULL,	NULL,	NULL,	15),
(314,	't14',	0,	NULL,	NULL,	NULL,	NULL,	NULL,	15),
(315,	't15',	0,	NULL,	NULL,	NULL,	NULL,	NULL,	15),
(316,	'tz',	NULL,	1,	NULL,	'Часовая зона',	NULL,	5,	16),
(317,	'sum',	0,	NULL,	NULL,	'Сумма',	NULL,	1,	16),
(318,	'id',	1,	NULL,	NULL,	'ID транзакции',	NULL,	13,	16),
(319,	'date',	0,	NULL,	'Формат: ДД.ММ.ГГГГ ЧЧ:ММ',	'Дата транзакции',	NULL,	4,	16),
(320,	'address',	0,	NULL,	NULL,	'Адрес',	'[{\"field\":\"direction\",\"value\":[\"out\"]}]',	2,	16),
(321,	'txid',	0,	NULL,	NULL,	'TXID',	NULL,	3,	16),
(322,	't1',	0,	NULL,	NULL,	NULL,	NULL,	NULL,	16),
(323,	't2',	0,	NULL,	NULL,	NULL,	NULL,	NULL,	16),
(324,	't3',	0,	NULL,	NULL,	NULL,	NULL,	NULL,	16),
(325,	't4',	0,	NULL,	NULL,	NULL,	NULL,	NULL,	16),
(326,	't5',	0,	NULL,	NULL,	NULL,	NULL,	NULL,	16),
(327,	't6',	0,	NULL,	NULL,	NULL,	NULL,	NULL,	16),
(328,	't7',	0,	NULL,	NULL,	NULL,	NULL,	NULL,	16),
(329,	't8',	0,	NULL,	NULL,	NULL,	NULL,	NULL,	16),
(330,	't9',	0,	NULL,	NULL,	NULL,	NULL,	NULL,	16),
(331,	't10',	0,	NULL,	NULL,	NULL,	NULL,	NULL,	16),
(332,	't11',	0,	NULL,	NULL,	NULL,	NULL,	NULL,	16),
(333,	't12',	0,	NULL,	NULL,	NULL,	NULL,	NULL,	16),
(334,	't13',	0,	NULL,	NULL,	NULL,	NULL,	NULL,	16),
(335,	't14',	0,	NULL,	NULL,	NULL,	NULL,	NULL,	16),
(336,	't15',	0,	NULL,	NULL,	NULL,	NULL,	NULL,	16),
(337,	'tz',	NULL,	1,	NULL,	'Часовая зона',	NULL,	5,	17),
(338,	'sum',	0,	NULL,	NULL,	'Сумма',	NULL,	1,	17),
(339,	'id',	1,	NULL,	NULL,	'ID транзакции',	NULL,	13,	17),
(340,	'date',	0,	NULL,	'Формат: ДД.ММ.ГГГГ ЧЧ:ММ',	'Дата транзакции',	NULL,	4,	17),
(341,	'address',	0,	NULL,	NULL,	'Адрес',	'[{\"field\":\"direction\",\"value\":[\"out\"]}]',	2,	17),
(342,	'txid',	0,	NULL,	NULL,	'TXID',	NULL,	3,	17),
(343,	't1',	0,	NULL,	NULL,	NULL,	NULL,	NULL,	17),
(344,	't2',	0,	NULL,	NULL,	NULL,	NULL,	NULL,	17),
(345,	't3',	0,	NULL,	NULL,	NULL,	NULL,	NULL,	17),
(346,	't4',	0,	NULL,	NULL,	NULL,	NULL,	NULL,	17),
(347,	't5',	0,	NULL,	NULL,	NULL,	NULL,	NULL,	17),
(348,	't6',	0,	NULL,	NULL,	NULL,	NULL,	NULL,	17),
(349,	't7',	0,	NULL,	NULL,	NULL,	NULL,	NULL,	17),
(350,	't8',	0,	NULL,	NULL,	NULL,	NULL,	NULL,	17),
(351,	't9',	0,	NULL,	NULL,	NULL,	NULL,	NULL,	17),
(352,	't10',	0,	NULL,	NULL,	NULL,	NULL,	NULL,	17),
(353,	't11',	0,	NULL,	NULL,	NULL,	NULL,	NULL,	17),
(354,	't12',	0,	NULL,	NULL,	NULL,	NULL,	NULL,	17),
(355,	't13',	0,	NULL,	NULL,	NULL,	NULL,	NULL,	17),
(356,	't14',	0,	NULL,	NULL,	NULL,	NULL,	NULL,	17),
(357,	't15',	0,	NULL,	NULL,	NULL,	NULL,	NULL,	17),
(358,	'tz',	NULL,	1,	NULL,	'Часовая зона',	NULL,	5,	18),
(359,	'date',	0,	NULL,	'Формат: ДД.ММ.ГГГГ ЧЧ:ММ',	'Дата транзакции',	NULL,	4,	18),
(360,	'sum',	0,	NULL,	NULL,	'Сумма',	NULL,	1,	18),
(361,	'eqv',	1,	NULL,	NULL,	'Эквивалент $',	NULL,	15,	18),
(362,	'address',	0,	NULL,	NULL,	'Адрес',	NULL,	2,	18),
(363,	'com',	1,	NULL,	NULL,	'Комиссия',	'[{\"field\":\"direction\",\"value\":[\"out\"]}]',	10,	18),
(364,	't1out',	0,	NULL,	NULL,	NULL,	NULL,	NULL,	18),
(365,	't1in',	0,	NULL,	NULL,	NULL,	NULL,	NULL,	18),
(366,	't2',	0,	NULL,	NULL,	NULL,	NULL,	NULL,	18),
(367,	't3out',	0,	NULL,	NULL,	NULL,	NULL,	NULL,	18),
(368,	't3in',	0,	NULL,	NULL,	NULL,	NULL,	NULL,	18),
(369,	't4',	0,	NULL,	NULL,	NULL,	NULL,	NULL,	18),
(370,	't5out',	0,	NULL,	NULL,	NULL,	NULL,	NULL,	18),
(371,	't5in',	0,	NULL,	NULL,	NULL,	NULL,	NULL,	18),
(372,	't6',	0,	NULL,	NULL,	NULL,	NULL,	NULL,	18),
(373,	't7',	0,	NULL,	NULL,	NULL,	NULL,	NULL,	18),
(374,	't8',	0,	NULL,	NULL,	NULL,	NULL,	NULL,	18),
(375,	'tz',	NULL,	1,	NULL,	'Часовая зона',	NULL,	5,	19),
(376,	'sum',	0,	NULL,	NULL,	'Сумма',	NULL,	1,	19),
(377,	'com',	1,	NULL,	NULL,	'Комиссия',	'[{\"field\":\"direction\",\"value\":[\"out\"]}]',	10,	19),
(378,	'date',	0,	NULL,	'Формат: ДД.ММ.ГГГГ ЧЧ:ММ',	'Дата транзакции',	NULL,	4,	19),
(379,	'address',	0,	NULL,	NULL,	'Кому',	NULL,	2,	19),
(380,	'txid',	0,	NULL,	NULL,	'ID транзакции',	NULL,	3,	19),
(381,	't1',	0,	NULL,	NULL,	NULL,	NULL,	NULL,	19),
(382,	't2in',	0,	NULL,	NULL,	NULL,	NULL,	NULL,	19),
(383,	't2out',	0,	NULL,	NULL,	NULL,	NULL,	NULL,	19),
(384,	't3',	0,	NULL,	NULL,	NULL,	NULL,	NULL,	19),
(385,	't4',	0,	NULL,	NULL,	NULL,	NULL,	NULL,	19),
(386,	't5',	0,	NULL,	NULL,	NULL,	NULL,	NULL,	19),
(387,	't6',	0,	NULL,	NULL,	NULL,	NULL,	NULL,	19),
(388,	't7',	0,	NULL,	NULL,	NULL,	NULL,	NULL,	19),
(389,	't8',	0,	NULL,	NULL,	NULL,	NULL,	NULL,	19),
(390,	't9',	0,	NULL,	NULL,	NULL,	NULL,	NULL,	19),
(391,	't10',	0,	NULL,	NULL,	NULL,	NULL,	NULL,	19),
(392,	't11',	0,	NULL,	NULL,	NULL,	NULL,	NULL,	19),
(393,	'tz',	NULL,	1,	NULL,	'Часовая зона',	NULL,	5,	20),
(394,	'sum',	0,	NULL,	NULL,	'Сумма',	NULL,	1,	20),
(395,	'com',	1,	NULL,	NULL,	'Комиссия',	'[{\"field\":\"direction\",\"value\":[\"out\"]}]',	10,	20),
(396,	'date',	0,	NULL,	'Формат: ДД.ММ.ГГГГ ЧЧ:ММ',	'Дата транзакции',	NULL,	4,	20),
(397,	'address',	0,	NULL,	NULL,	'Кому',	NULL,	2,	20),
(398,	'txid',	0,	NULL,	NULL,	'ID транзакции',	NULL,	3,	20),
(399,	't1',	0,	NULL,	NULL,	NULL,	NULL,	NULL,	20),
(400,	't2in',	0,	NULL,	NULL,	NULL,	NULL,	NULL,	20),
(401,	't2out',	0,	NULL,	NULL,	NULL,	NULL,	NULL,	20),
(402,	't3',	0,	NULL,	NULL,	NULL,	NULL,	NULL,	20),
(403,	't4',	0,	NULL,	NULL,	NULL,	NULL,	NULL,	20),
(404,	't5',	0,	NULL,	NULL,	NULL,	NULL,	NULL,	20),
(405,	't6',	0,	NULL,	NULL,	NULL,	NULL,	NULL,	20),
(406,	't7',	0,	NULL,	NULL,	NULL,	NULL,	NULL,	20),
(407,	't8',	0,	NULL,	NULL,	NULL,	NULL,	NULL,	20),
(408,	't9',	0,	NULL,	NULL,	NULL,	NULL,	NULL,	20),
(409,	't10',	0,	NULL,	NULL,	NULL,	NULL,	NULL,	20),
(410,	't11',	0,	NULL,	NULL,	NULL,	NULL,	NULL,	20),
(411,	'tz',	NULL,	1,	NULL,	'Часовая зона',	NULL,	5,	21),
(412,	'sum',	0,	NULL,	NULL,	'Сумма',	NULL,	1,	21),
(413,	'eqv',	1,	NULL,	NULL,	'Эквивалент $',	NULL,	15,	21),
(414,	'date',	0,	NULL,	'Формат: ДД.ММ.ГГГГ ЧЧ:ММ',	'Дата транзакции',	NULL,	4,	21),
(415,	'txid',	0,	NULL,	NULL,	'ID транзакции',	NULL,	3,	21),
(416,	'address',	0,	NULL,	NULL,	'Откуда',	NULL,	2,	21),
(417,	't1',	0,	NULL,	NULL,	NULL,	NULL,	NULL,	21),
(418,	't2in',	0,	NULL,	NULL,	NULL,	NULL,	NULL,	21),
(419,	't2out',	0,	NULL,	NULL,	NULL,	NULL,	NULL,	21),
(420,	't3',	0,	NULL,	NULL,	NULL,	NULL,	NULL,	21),
(421,	't4',	0,	NULL,	NULL,	NULL,	NULL,	NULL,	21),
(422,	't5',	0,	NULL,	NULL,	NULL,	NULL,	NULL,	21),
(423,	't6',	0,	NULL,	NULL,	NULL,	NULL,	NULL,	21),
(424,	't7',	0,	NULL,	NULL,	NULL,	NULL,	NULL,	21),
(425,	't8',	0,	NULL,	NULL,	NULL,	NULL,	NULL,	21),
(426,	't9',	0,	NULL,	NULL,	NULL,	NULL,	NULL,	21),
(427,	't10',	0,	NULL,	NULL,	NULL,	NULL,	NULL,	21),
(428,	'tz',	NULL,	1,	NULL,	'Часовая зона',	NULL,	5,	22),
(429,	'sum',	0,	NULL,	NULL,	'Сумма',	NULL,	1,	22),
(430,	'eqv',	1,	NULL,	NULL,	'Эквивалент $',	NULL,	15,	22),
(431,	'date',	0,	NULL,	'Формат: ДД.ММ.ГГГГ ЧЧ:ММ',	'Дата транзакции',	NULL,	4,	22),
(432,	'txid',	0,	NULL,	NULL,	'ID транзакции',	NULL,	3,	22),
(433,	'address',	0,	NULL,	NULL,	'Откуда',	NULL,	2,	22),
(434,	't1',	0,	NULL,	NULL,	NULL,	NULL,	NULL,	22),
(435,	't2in',	0,	NULL,	NULL,	NULL,	NULL,	NULL,	22),
(436,	't2out',	0,	NULL,	NULL,	NULL,	NULL,	NULL,	22),
(437,	't3',	0,	NULL,	NULL,	NULL,	NULL,	NULL,	22),
(438,	't4',	0,	NULL,	NULL,	NULL,	NULL,	NULL,	22),
(439,	't5',	0,	NULL,	NULL,	NULL,	NULL,	NULL,	22),
(440,	't6',	0,	NULL,	NULL,	NULL,	NULL,	NULL,	22),
(441,	't7',	0,	NULL,	NULL,	NULL,	NULL,	NULL,	22),
(442,	't8',	0,	NULL,	NULL,	NULL,	NULL,	NULL,	22),
(443,	't9',	0,	NULL,	NULL,	NULL,	NULL,	NULL,	22),
(444,	't10',	0,	NULL,	NULL,	NULL,	NULL,	NULL,	22),
(445,	'tz',	NULL,	1,	NULL,	'Часовая зона',	NULL,	5,	23),
(446,	'date',	0,	NULL,	'Формат: ДД.ММ.ГГГГ ЧЧ:ММ',	'Дата транзакции',	NULL,	4,	23),
(447,	'address',	0,	NULL,	NULL,	'От',	NULL,	2,	23),
(448,	'address2',	0,	NULL,	NULL,	'В адрес',	NULL,	7,	23),
(449,	'sum',	0,	NULL,	NULL,	'Сумма',	NULL,	1,	23),
(450,	'com',	1,	NULL,	NULL,	'Примерная плата за газ',	'[{\"field\":\"direction\",\"value\":[\"out\"]}]',	10,	23),
(451,	'eqv',	1,	NULL,	NULL,	'Эквивалент $',	NULL,	15,	23),
(452,	't1out',	0,	NULL,	NULL,	NULL,	NULL,	NULL,	23),
(453,	't1in',	0,	NULL,	NULL,	NULL,	NULL,	NULL,	23),
(454,	't2',	0,	NULL,	NULL,	NULL,	NULL,	NULL,	23),
(455,	't3',	0,	NULL,	NULL,	NULL,	NULL,	NULL,	23),
(456,	't4',	0,	NULL,	NULL,	NULL,	NULL,	NULL,	23),
(457,	't5',	0,	NULL,	NULL,	NULL,	NULL,	NULL,	23),
(458,	't6',	0,	NULL,	NULL,	NULL,	NULL,	NULL,	23),
(459,	't7',	0,	NULL,	NULL,	NULL,	NULL,	NULL,	23),
(460,	't8',	0,	NULL,	NULL,	NULL,	NULL,	NULL,	23),
(461,	't9',	0,	NULL,	NULL,	NULL,	NULL,	NULL,	23),
(462,	't10erc20',	0,	NULL,	NULL,	NULL,	NULL,	NULL,	23),
(463,	't10bep20',	0,	NULL,	NULL,	NULL,	NULL,	NULL,	23),
(464,	't11erc20',	0,	NULL,	NULL,	NULL,	NULL,	NULL,	23),
(465,	't11bep20',	0,	NULL,	NULL,	NULL,	NULL,	NULL,	23),
(466,	't12',	0,	NULL,	NULL,	NULL,	NULL,	NULL,	23),
(467,	't13',	0,	NULL,	NULL,	NULL,	NULL,	NULL,	23),
(468,	'tz',	NULL,	1,	NULL,	'Часовая зона',	NULL,	5,	24),
(469,	'date',	0,	NULL,	'Формат: ДД.ММ.ГГГГ ЧЧ:ММ',	'Дата транзакции',	NULL,	4,	24),
(470,	'address',	0,	NULL,	NULL,	'От',	NULL,	2,	24),
(471,	'address2',	0,	NULL,	NULL,	'В адрес',	NULL,	7,	24),
(472,	'sum',	0,	NULL,	NULL,	'Сумма',	NULL,	1,	24),
(473,	'com',	1,	NULL,	NULL,	'Примерная плата за газ',	'[{\"field\":\"direction\",\"value\":[\"out\"]}]',	10,	24),
(474,	'eqv',	1,	NULL,	NULL,	'Эквивалент $',	NULL,	15,	24),
(475,	't1out',	0,	NULL,	NULL,	NULL,	NULL,	NULL,	24),
(476,	't1in',	0,	NULL,	NULL,	NULL,	NULL,	NULL,	24),
(477,	't2',	0,	NULL,	NULL,	NULL,	NULL,	NULL,	24),
(478,	't3',	0,	NULL,	NULL,	NULL,	NULL,	NULL,	24),
(479,	't4',	0,	NULL,	NULL,	NULL,	NULL,	NULL,	24),
(480,	't5',	0,	NULL,	NULL,	NULL,	NULL,	NULL,	24),
(481,	't6',	0,	NULL,	NULL,	NULL,	NULL,	NULL,	24),
(482,	't7',	0,	NULL,	NULL,	NULL,	NULL,	NULL,	24),
(483,	't8',	0,	NULL,	NULL,	NULL,	NULL,	NULL,	24),
(484,	't9',	0,	NULL,	NULL,	NULL,	NULL,	NULL,	24),
(485,	't10erc20',	0,	NULL,	NULL,	NULL,	NULL,	NULL,	24),
(486,	't10bep20',	0,	NULL,	NULL,	NULL,	NULL,	NULL,	24),
(487,	't11erc20',	0,	NULL,	NULL,	NULL,	NULL,	NULL,	24),
(488,	't11bep20',	0,	NULL,	NULL,	NULL,	NULL,	NULL,	24),
(489,	't12',	0,	NULL,	NULL,	NULL,	NULL,	NULL,	24),
(490,	't13',	0,	NULL,	NULL,	NULL,	NULL,	NULL,	24),
(491,	'tz',	NULL,	1,	NULL,	'Часовая зона',	NULL,	5,	25),
(492,	'sum',	0,	NULL,	NULL,	'Сумма',	NULL,	1,	25),
(493,	'address',	0,	NULL,	NULL,	'Адрес',	'[{\"field\":\"direction\",\"value\":[\"out\"]}]',	2,	25),
(494,	'txid',	0,	NULL,	NULL,	'TxID',	NULL,	3,	25),
(495,	'com',	1,	NULL,	NULL,	'Комиссия',	'[{\"field\":\"direction\",\"value\":[\"out\"]}]',	10,	25),
(496,	'date',	0,	NULL,	'Формат: ДД.ММ.ГГГГ ЧЧ:ММ',	'Дата транзакции',	NULL,	4,	25),
(497,	't1out',	0,	NULL,	NULL,	NULL,	NULL,	NULL,	25),
(498,	't1in',	0,	NULL,	NULL,	NULL,	NULL,	NULL,	25),
(499,	't2',	0,	NULL,	NULL,	NULL,	NULL,	NULL,	25),
(500,	't3',	0,	NULL,	NULL,	NULL,	NULL,	NULL,	25),
(501,	't4out',	0,	NULL,	NULL,	NULL,	NULL,	NULL,	25),
(502,	't4in',	0,	NULL,	NULL,	NULL,	NULL,	NULL,	25),
(503,	't5',	0,	NULL,	NULL,	NULL,	NULL,	NULL,	25),
(504,	't6',	0,	NULL,	NULL,	NULL,	NULL,	NULL,	25),
(505,	't7',	0,	NULL,	NULL,	NULL,	NULL,	NULL,	25),
(506,	't8',	0,	NULL,	NULL,	NULL,	NULL,	NULL,	25),
(507,	't9',	0,	NULL,	NULL,	NULL,	NULL,	NULL,	25),
(508,	't10',	0,	NULL,	NULL,	NULL,	NULL,	NULL,	25),
(509,	't11',	0,	NULL,	NULL,	NULL,	NULL,	NULL,	25),
(510,	't12',	0,	NULL,	NULL,	NULL,	NULL,	NULL,	25),
(511,	't13',	0,	NULL,	NULL,	NULL,	NULL,	NULL,	25),
(512,	't14',	0,	NULL,	NULL,	NULL,	NULL,	NULL,	25),
(513,	't15',	0,	NULL,	NULL,	NULL,	NULL,	NULL,	25),
(514,	't16',	0,	NULL,	NULL,	NULL,	NULL,	NULL,	25),
(515,	'tz',	NULL,	1,	NULL,	'Часовая зона',	NULL,	5,	26),
(516,	'sum',	0,	NULL,	NULL,	'Сумма',	NULL,	1,	26),
(517,	'address',	0,	NULL,	NULL,	'Адрес',	'[{\"field\":\"direction\",\"value\":[\"out\"]}]',	2,	26),
(518,	'txid',	0,	NULL,	NULL,	'TxID',	NULL,	3,	26),
(519,	'com',	1,	NULL,	NULL,	'Комиссия',	'[{\"field\":\"direction\",\"value\":[\"out\"]}]',	10,	26),
(520,	'date',	0,	NULL,	'Формат: ДД.ММ.ГГГГ ЧЧ:ММ',	'Дата транзакции',	NULL,	4,	26),
(521,	't1out',	0,	NULL,	NULL,	NULL,	NULL,	NULL,	26),
(522,	't1in',	0,	NULL,	NULL,	NULL,	NULL,	NULL,	26),
(523,	't2',	0,	NULL,	NULL,	NULL,	NULL,	NULL,	26),
(524,	't3',	0,	NULL,	NULL,	NULL,	NULL,	NULL,	26),
(525,	't4out',	0,	NULL,	NULL,	NULL,	NULL,	NULL,	26),
(526,	't4in',	0,	NULL,	NULL,	NULL,	NULL,	NULL,	26),
(527,	't5',	0,	NULL,	NULL,	NULL,	NULL,	NULL,	26),
(528,	't6',	0,	NULL,	NULL,	NULL,	NULL,	NULL,	26),
(529,	't7',	0,	NULL,	NULL,	NULL,	NULL,	NULL,	26),
(530,	't8',	0,	NULL,	NULL,	NULL,	NULL,	NULL,	26),
(531,	't9',	0,	NULL,	NULL,	NULL,	NULL,	NULL,	26),
(532,	't10',	0,	NULL,	NULL,	NULL,	NULL,	NULL,	26),
(533,	't11',	0,	NULL,	NULL,	NULL,	NULL,	NULL,	26),
(534,	't12',	0,	NULL,	NULL,	NULL,	NULL,	NULL,	26),
(535,	't13',	0,	NULL,	NULL,	NULL,	NULL,	NULL,	26),
(536,	't14',	0,	NULL,	NULL,	NULL,	NULL,	NULL,	26),
(537,	't15',	0,	NULL,	NULL,	NULL,	NULL,	NULL,	26),
(538,	't16',	0,	NULL,	NULL,	NULL,	NULL,	NULL,	26),
(539,	'tz',	NULL,	1,	NULL,	'Часовая зона',	NULL,	5,	27),
(540,	'sum',	0,	NULL,	NULL,	'Сумма',	NULL,	1,	27),
(541,	'txnum',	1,	NULL,	NULL,	'Операция №',	NULL,	16,	27),
(542,	'address',	0,	NULL,	NULL,	'Адрес',	'[{\"field\":\"direction\",\"value\":[\"out\"]}]',	2,	27),
(543,	'txid',	0,	NULL,	NULL,	'ID транзакции',	'[{\"field\":\"direction\",\"value\":[\"out\"]}]',	3,	27),
(544,	'conf',	1,	NULL,	NULL,	'Подтверждений',	'[{\"field\":\"direction\",\"value\":[\"in\"]}]',	17,	27),
(545,	't1',	0,	NULL,	NULL,	NULL,	NULL,	NULL,	27),
(546,	't2',	0,	NULL,	NULL,	NULL,	NULL,	NULL,	27),
(547,	't3',	0,	NULL,	NULL,	NULL,	NULL,	NULL,	27),
(548,	't4',	0,	NULL,	NULL,	NULL,	NULL,	NULL,	27),
(549,	't5',	0,	NULL,	NULL,	NULL,	NULL,	NULL,	27),
(550,	't6',	0,	NULL,	NULL,	NULL,	NULL,	NULL,	27),
(551,	't7',	0,	NULL,	NULL,	NULL,	NULL,	NULL,	27),
(552,	't8',	0,	NULL,	NULL,	NULL,	NULL,	NULL,	27),
(553,	't9',	0,	NULL,	NULL,	NULL,	NULL,	NULL,	27),
(554,	't10',	0,	NULL,	NULL,	NULL,	NULL,	NULL,	27),
(555,	't11',	0,	NULL,	NULL,	NULL,	NULL,	NULL,	27),
(556,	't12',	0,	NULL,	NULL,	NULL,	NULL,	NULL,	27),
(557,	't13',	0,	NULL,	NULL,	NULL,	NULL,	NULL,	27),
(558,	't14',	0,	NULL,	NULL,	NULL,	NULL,	NULL,	27),
(559,	't15',	0,	NULL,	NULL,	NULL,	NULL,	NULL,	27),
(560,	'tz',	NULL,	1,	NULL,	'Часовая зона',	NULL,	5,	28),
(561,	'sum',	0,	NULL,	NULL,	'Сумма',	NULL,	1,	28),
(562,	'txnum',	1,	NULL,	NULL,	'Операция №',	NULL,	16,	28),
(563,	'address',	0,	NULL,	NULL,	'Адрес',	'[{\"field\":\"direction\",\"value\":[\"out\"]}]',	2,	28),
(564,	'txid',	0,	NULL,	NULL,	'ID транзакции',	'[{\"field\":\"direction\",\"value\":[\"out\"]}]',	3,	28),
(565,	'conf',	1,	NULL,	NULL,	'Подтверждений',	'[{\"field\":\"direction\",\"value\":[\"in\"]}]',	17,	28),
(566,	't1',	0,	NULL,	NULL,	NULL,	NULL,	NULL,	28),
(567,	't2',	0,	NULL,	NULL,	NULL,	NULL,	NULL,	28),
(568,	't3',	0,	NULL,	NULL,	NULL,	NULL,	NULL,	28),
(569,	't4',	0,	NULL,	NULL,	NULL,	NULL,	NULL,	28),
(570,	't5',	0,	NULL,	NULL,	NULL,	NULL,	NULL,	28),
(571,	't6',	0,	NULL,	NULL,	NULL,	NULL,	NULL,	28),
(572,	't7',	0,	NULL,	NULL,	NULL,	NULL,	NULL,	28),
(573,	't8',	0,	NULL,	NULL,	NULL,	NULL,	NULL,	28),
(574,	't9',	0,	NULL,	NULL,	NULL,	NULL,	NULL,	28),
(575,	't10',	0,	NULL,	NULL,	NULL,	NULL,	NULL,	28),
(576,	't11',	0,	NULL,	NULL,	NULL,	NULL,	NULL,	28),
(577,	't12',	0,	NULL,	NULL,	NULL,	NULL,	NULL,	28),
(578,	't13',	0,	NULL,	NULL,	NULL,	NULL,	NULL,	28),
(579,	't14',	0,	NULL,	NULL,	NULL,	NULL,	NULL,	28),
(580,	't15',	0,	NULL,	NULL,	NULL,	NULL,	NULL,	28),
(581,	'tz',	NULL,	1,	NULL,	'Часовая зона',	NULL,	5,	29),
(582,	'sum',	0,	NULL,	NULL,	'Сумма',	NULL,	1,	29),
(583,	'com',	1,	NULL,	NULL,	'Комиссия',	'[{\"field\":\"network\",\"value\":[\"erc20\"]},{\"field\":\"direction\",\"value\":[\"out\"]}]',	10,	29),
(584,	'balance',	0,	NULL,	NULL,	'Баланс',	NULL,	18,	29),
(585,	'date',	0,	NULL,	'Формат: ДД.ММ.ГГГГ ЧЧ:ММ',	'Дата транзакции',	NULL,	4,	29),
(586,	't1',	0,	NULL,	NULL,	NULL,	NULL,	NULL,	29),
(587,	't2',	0,	NULL,	NULL,	NULL,	NULL,	NULL,	29),
(588,	't3out',	0,	NULL,	NULL,	NULL,	NULL,	NULL,	29),
(589,	't3in',	0,	NULL,	NULL,	NULL,	NULL,	NULL,	29),
(590,	't4',	0,	NULL,	NULL,	NULL,	NULL,	NULL,	29),
(591,	't5',	0,	NULL,	NULL,	NULL,	NULL,	NULL,	29),
(592,	't6',	0,	NULL,	NULL,	NULL,	NULL,	NULL,	29),
(593,	'tz',	NULL,	1,	NULL,	'Часовая зона',	NULL,	5,	30),
(594,	'sum',	0,	NULL,	NULL,	'Сумма',	NULL,	1,	30),
(595,	'com',	1,	NULL,	NULL,	'Комиссия',	'[{\"field\":\"network\",\"value\":[\"erc20\"]},{\"field\":\"direction\",\"value\":[\"out\"]}]',	10,	30),
(596,	'balance',	0,	NULL,	NULL,	'Баланс',	NULL,	18,	30),
(597,	'date',	0,	NULL,	'Формат: ДД.ММ.ГГГГ ЧЧ:ММ',	'Дата транзакции',	NULL,	4,	30),
(598,	't1',	0,	NULL,	NULL,	NULL,	NULL,	NULL,	30),
(599,	't2',	0,	NULL,	NULL,	NULL,	NULL,	NULL,	30),
(600,	't3out',	0,	NULL,	NULL,	NULL,	NULL,	NULL,	30),
(601,	't3in',	0,	NULL,	NULL,	NULL,	NULL,	NULL,	30),
(602,	't4',	0,	NULL,	NULL,	NULL,	NULL,	NULL,	30),
(603,	't5',	0,	NULL,	NULL,	NULL,	NULL,	NULL,	30),
(604,	't6',	0,	NULL,	NULL,	NULL,	NULL,	NULL,	30),
(605,	'tz',	NULL,	1,	NULL,	'Часовая зона',	NULL,	5,	31),
(606,	'sum',	0,	NULL,	NULL,	'Сумма',	NULL,	1,	31),
(607,	'date',	0,	NULL,	'Формат: ДД.ММ.ГГГГ ЧЧ:ММ',	'Дата транзакции',	NULL,	4,	31),
(608,	'krakenid',	1,	NULL,	NULL,	'ID',	NULL,	19,	31),
(609,	't1out',	0,	NULL,	NULL,	NULL,	NULL,	NULL,	31),
(610,	't1in',	0,	NULL,	NULL,	NULL,	NULL,	NULL,	31),
(611,	't2',	0,	NULL,	NULL,	NULL,	NULL,	NULL,	31),
(612,	't3',	0,	NULL,	NULL,	NULL,	NULL,	NULL,	31),
(613,	't4',	0,	NULL,	NULL,	NULL,	NULL,	NULL,	31),
(614,	't5',	0,	NULL,	NULL,	NULL,	NULL,	NULL,	31),
(615,	't6',	0,	NULL,	NULL,	NULL,	NULL,	NULL,	31),
(616,	't7',	0,	NULL,	NULL,	NULL,	NULL,	NULL,	31),
(617,	't8',	0,	NULL,	NULL,	NULL,	NULL,	NULL,	31),
(618,	'tz',	NULL,	1,	NULL,	'Часовая зона',	NULL,	5,	32),
(619,	'sum',	0,	NULL,	NULL,	'Сумма',	NULL,	1,	32),
(620,	'date',	0,	NULL,	'Формат: ДД.ММ.ГГГГ ЧЧ:ММ',	'Дата транзакции',	NULL,	4,	32),
(621,	'krakenid',	1,	NULL,	NULL,	'ID',	NULL,	19,	32),
(622,	't1out',	0,	NULL,	NULL,	NULL,	NULL,	NULL,	32),
(623,	't1in',	0,	NULL,	NULL,	NULL,	NULL,	NULL,	32),
(624,	't2',	0,	NULL,	NULL,	NULL,	NULL,	NULL,	32),
(625,	't3',	0,	NULL,	NULL,	NULL,	NULL,	NULL,	32),
(626,	't4',	0,	NULL,	NULL,	NULL,	NULL,	NULL,	32),
(627,	't5',	0,	NULL,	NULL,	NULL,	NULL,	NULL,	32),
(628,	't6',	0,	NULL,	NULL,	NULL,	NULL,	NULL,	32),
(629,	't7',	0,	NULL,	NULL,	NULL,	NULL,	NULL,	32),
(630,	't8',	0,	NULL,	NULL,	NULL,	NULL,	NULL,	32),
(631,	'tz',	NULL,	1,	NULL,	'Часовая зона',	NULL,	5,	33),
(632,	'sum',	0,	NULL,	NULL,	'Сумма',	NULL,	1,	33),
(633,	'eqv',	1,	NULL,	NULL,	'Эквивалент $',	NULL,	15,	33),
(634,	'address',	1,	NULL,	NULL,	'Адрес (В)',	'[{\"field\":\"direction\",\"value\":[\"out\"]}]',	2,	33),
(635,	'com',	1,	NULL,	NULL,	'Комиссия сети',	'[{\"field\":\"direction\",\"value\":[\"out\"]}]',	10,	33),
(636,	'txid',	0,	NULL,	NULL,	'Хэш транзакции',	NULL,	3,	33),
(637,	'date',	0,	NULL,	'Формат: ДД.ММ.ГГГГ ЧЧ:ММ',	'Дата транзакции',	NULL,	4,	33),
(638,	't1out',	0,	NULL,	NULL,	NULL,	NULL,	NULL,	33),
(639,	't1in',	0,	NULL,	NULL,	NULL,	NULL,	NULL,	33),
(640,	't2',	0,	NULL,	NULL,	NULL,	NULL,	NULL,	33),
(641,	't3',	0,	NULL,	NULL,	NULL,	NULL,	NULL,	33),
(642,	't4',	0,	NULL,	NULL,	NULL,	NULL,	NULL,	33),
(643,	't5',	0,	NULL,	NULL,	NULL,	NULL,	NULL,	33),
(644,	't6',	0,	NULL,	NULL,	NULL,	NULL,	NULL,	33),
(645,	't7',	0,	NULL,	NULL,	NULL,	NULL,	NULL,	33),
(646,	't8',	0,	NULL,	NULL,	NULL,	NULL,	NULL,	33),
(647,	't9',	0,	NULL,	NULL,	NULL,	NULL,	NULL,	33),
(648,	't10',	0,	NULL,	NULL,	NULL,	NULL,	NULL,	33),
(649,	't11',	0,	NULL,	NULL,	NULL,	NULL,	NULL,	33),
(650,	't12',	0,	NULL,	NULL,	NULL,	NULL,	NULL,	33),
(651,	't13',	0,	NULL,	NULL,	NULL,	NULL,	NULL,	33),
(652,	't14',	0,	NULL,	NULL,	NULL,	NULL,	NULL,	33),
(653,	't15',	0,	NULL,	NULL,	NULL,	NULL,	NULL,	33),
(654,	't16',	0,	NULL,	NULL,	NULL,	NULL,	NULL,	33),
(655,	't17',	0,	NULL,	NULL,	NULL,	NULL,	NULL,	33),
(656,	'tz',	NULL,	1,	NULL,	'Часовая зона',	NULL,	5,	34),
(657,	'sum',	0,	NULL,	NULL,	'Сумма',	NULL,	1,	34),
(658,	'eqv',	1,	NULL,	NULL,	'Эквивалент $',	NULL,	15,	34),
(659,	'address',	1,	NULL,	NULL,	'Адрес (В)',	'[{\"field\":\"direction\",\"value\":[\"out\"]}]',	2,	34),
(660,	'com',	1,	NULL,	NULL,	'Комиссия сети',	'[{\"field\":\"direction\",\"value\":[\"out\"]}]',	10,	34),
(661,	'txid',	0,	NULL,	NULL,	'Хэш транзакции',	NULL,	3,	34),
(662,	'date',	0,	NULL,	'Формат: ДД.ММ.ГГГГ ЧЧ:ММ',	'Дата транзакции',	NULL,	4,	34),
(663,	't1out',	0,	NULL,	NULL,	NULL,	NULL,	NULL,	34),
(664,	't1in',	0,	NULL,	NULL,	NULL,	NULL,	NULL,	34),
(665,	't2',	0,	NULL,	NULL,	NULL,	NULL,	NULL,	34),
(666,	't3',	0,	NULL,	NULL,	NULL,	NULL,	NULL,	34),
(667,	't4',	0,	NULL,	NULL,	NULL,	NULL,	NULL,	34),
(668,	't5',	0,	NULL,	NULL,	NULL,	NULL,	NULL,	34),
(669,	't6',	0,	NULL,	NULL,	NULL,	NULL,	NULL,	34),
(670,	't7',	0,	NULL,	NULL,	NULL,	NULL,	NULL,	34),
(671,	't8',	0,	NULL,	NULL,	NULL,	NULL,	NULL,	34),
(672,	't9',	0,	NULL,	NULL,	NULL,	NULL,	NULL,	34),
(673,	't10',	0,	NULL,	NULL,	NULL,	NULL,	NULL,	34),
(674,	't11',	0,	NULL,	NULL,	NULL,	NULL,	NULL,	34),
(675,	't12',	0,	NULL,	NULL,	NULL,	NULL,	NULL,	34),
(676,	't13',	0,	NULL,	NULL,	NULL,	NULL,	NULL,	34),
(677,	't14',	0,	NULL,	NULL,	NULL,	NULL,	NULL,	34),
(678,	't15',	0,	NULL,	NULL,	NULL,	NULL,	NULL,	34),
(679,	't16',	0,	NULL,	NULL,	NULL,	NULL,	NULL,	34),
(680,	't17',	0,	NULL,	NULL,	NULL,	NULL,	NULL,	34),
(681,	'tz',	NULL,	1,	NULL,	'Часовая зона',	NULL,	5,	35),
(682,	'sum',	0,	NULL,	NULL,	'Сумма',	NULL,	1,	35),
(683,	'date',	0,	NULL,	'Формат: ДД.ММ.ГГГГ ЧЧ:ММ',	'Дата транзакции',	NULL,	4,	35),
(684,	'txid',	0,	NULL,	NULL,	'Txid',	'[{\"field\":\"direction\",\"value\":[\"out\"]}]',	3,	35),
(685,	'com',	1,	NULL,	NULL,	'Комиссия сети и процессинга',	'[{\"field\":\"direction\",\"value\":[\"out\"]}]',	10,	35),
(686,	'address',	0,	NULL,	NULL,	'Адрес',	'[{\"field\":\"direction\",\"value\":[\"out\"]}]',	2,	35),
(687,	't1out',	0,	NULL,	NULL,	NULL,	NULL,	NULL,	35),
(688,	't1in',	0,	NULL,	NULL,	NULL,	NULL,	NULL,	35),
(689,	't2',	0,	NULL,	NULL,	NULL,	NULL,	NULL,	35),
(690,	't3',	0,	NULL,	NULL,	NULL,	NULL,	NULL,	35),
(691,	't4',	0,	NULL,	NULL,	NULL,	NULL,	NULL,	35),
(692,	't5',	0,	NULL,	NULL,	NULL,	NULL,	NULL,	35),
(693,	'tz',	NULL,	1,	NULL,	'Часовая зона',	NULL,	5,	36),
(694,	'sum',	0,	NULL,	NULL,	'Сумма',	NULL,	1,	36),
(695,	'date',	0,	NULL,	'Формат: ДД.ММ.ГГГГ ЧЧ:ММ',	'Дата транзакции',	NULL,	4,	36),
(696,	'txid',	0,	NULL,	NULL,	'Txid',	'[{\"field\":\"direction\",\"value\":[\"out\"]}]',	3,	36),
(697,	'com',	1,	NULL,	NULL,	'Комиссия сети и процессинга',	'[{\"field\":\"direction\",\"value\":[\"out\"]}]',	10,	36),
(698,	'address',	0,	NULL,	NULL,	'Адрес',	'[{\"field\":\"direction\",\"value\":[\"out\"]}]',	2,	36),
(699,	't1out',	0,	NULL,	NULL,	NULL,	NULL,	NULL,	36),
(700,	't1in',	0,	NULL,	NULL,	NULL,	NULL,	NULL,	36),
(701,	't2',	0,	NULL,	NULL,	NULL,	NULL,	NULL,	36),
(702,	't3',	0,	NULL,	NULL,	NULL,	NULL,	NULL,	36),
(703,	't4',	0,	NULL,	NULL,	NULL,	NULL,	NULL,	36),
(704,	't5',	0,	NULL,	NULL,	NULL,	NULL,	NULL,	36),
(705,	'tz',	NULL,	1,	NULL,	'Часовая зона',	NULL,	5,	37),
(706,	'sum',	0,	NULL,	NULL,	'Сумма',	NULL,	1,	37),
(707,	'date',	0,	NULL,	'Формат: ДД.ММ.ГГГГ ЧЧ:ММ',	'Дата транзакции',	NULL,	4,	37),
(708,	'address',	0,	NULL,	NULL,	'Адрес',	'[{\"field\":\"direction\",\"value\":[\"out\"]}]',	2,	37),
(709,	'txid',	0,	NULL,	NULL,	'Txid',	NULL,	3,	37),
(710,	'txnum',	1,	NULL,	NULL,	'Номер транзакции',	NULL,	16,	37),
(711,	't1out',	0,	NULL,	NULL,	NULL,	NULL,	NULL,	37),
(712,	't1in',	0,	NULL,	NULL,	NULL,	NULL,	NULL,	37),
(713,	't2',	0,	NULL,	NULL,	NULL,	NULL,	NULL,	37),
(714,	't3',	0,	NULL,	NULL,	NULL,	NULL,	NULL,	37),
(715,	't4out',	0,	NULL,	NULL,	NULL,	NULL,	NULL,	37),
(716,	't4in',	0,	NULL,	NULL,	NULL,	NULL,	NULL,	37),
(717,	't5',	0,	NULL,	NULL,	NULL,	NULL,	NULL,	37),
(718,	't6',	0,	NULL,	NULL,	NULL,	NULL,	NULL,	37),
(719,	't7',	0,	NULL,	NULL,	NULL,	NULL,	NULL,	37),
(720,	'tz',	NULL,	1,	NULL,	'Часовая зона',	NULL,	5,	38),
(721,	'sum',	0,	NULL,	NULL,	'Сумма',	NULL,	1,	38),
(722,	'date',	0,	NULL,	'Формат: ДД.ММ.ГГГГ ЧЧ:ММ',	'Дата транзакции',	NULL,	4,	38),
(723,	'address',	0,	NULL,	NULL,	'Адрес',	'[{\"field\":\"direction\",\"value\":[\"out\"]}]',	2,	38),
(724,	'txid',	0,	NULL,	NULL,	'Txid',	NULL,	3,	38),
(725,	'txnum',	1,	NULL,	NULL,	'Номер транзакции',	NULL,	16,	38),
(726,	't1out',	0,	NULL,	NULL,	NULL,	NULL,	NULL,	38),
(727,	't1in',	0,	NULL,	NULL,	NULL,	NULL,	NULL,	38),
(728,	't2',	0,	NULL,	NULL,	NULL,	NULL,	NULL,	38),
(729,	't3',	0,	NULL,	NULL,	NULL,	NULL,	NULL,	38),
(730,	't4out',	0,	NULL,	NULL,	NULL,	NULL,	NULL,	38),
(731,	't4in',	0,	NULL,	NULL,	NULL,	NULL,	NULL,	38),
(732,	't5',	0,	NULL,	NULL,	NULL,	NULL,	NULL,	38),
(733,	't6',	0,	NULL,	NULL,	NULL,	NULL,	NULL,	38),
(734,	't7',	0,	NULL,	NULL,	NULL,	NULL,	NULL,	38),
(735,	'tz',	NULL,	1,	NULL,	'Часовая зона',	NULL,	5,	39),
(736,	'date',	0,	NULL,	'Формат: ДД.ММ.ГГГГ ЧЧ:ММ',	'Дата транзакции',	NULL,	4,	39),
(737,	'txid',	0,	NULL,	NULL,	'Txid',	NULL,	3,	39),
(738,	'sum',	0,	NULL,	NULL,	'Сумма',	NULL,	1,	39),
(739,	'com',	1,	NULL,	NULL,	'Комиссия',	'[{\"field\":\"direction\",\"value\":[\"out\"]}]',	10,	39),
(740,	't1',	0,	NULL,	NULL,	NULL,	NULL,	NULL,	39),
(741,	't2',	0,	NULL,	NULL,	NULL,	NULL,	NULL,	39),
(742,	't3',	0,	NULL,	NULL,	NULL,	NULL,	NULL,	39),
(743,	't4',	0,	NULL,	NULL,	NULL,	NULL,	NULL,	39),
(744,	't5',	0,	NULL,	NULL,	NULL,	NULL,	NULL,	39),
(745,	't6out',	0,	NULL,	NULL,	NULL,	NULL,	NULL,	39),
(746,	't6in',	0,	NULL,	NULL,	NULL,	NULL,	NULL,	39),
(747,	'tz',	NULL,	1,	NULL,	'Часовая зона',	NULL,	5,	40),
(748,	'sum',	0,	NULL,	NULL,	'Сумма',	NULL,	1,	40),
(749,	'date',	0,	NULL,	'Формат: ДД.ММ.ГГГГ ЧЧ:ММ',	'Дата транзакции',	NULL,	4,	40),
(750,	'balance',	0,	NULL,	NULL,	'Баланс',	NULL,	18,	40),
(751,	'txid',	0,	NULL,	NULL,	'ID транзакции',	NULL,	3,	40),
(752,	't1in',	0,	NULL,	NULL,	NULL,	NULL,	NULL,	40),
(753,	't1out',	0,	NULL,	NULL,	NULL,	NULL,	NULL,	40),
(754,	't2',	0,	NULL,	NULL,	NULL,	NULL,	NULL,	40),
(755,	't3',	0,	NULL,	NULL,	NULL,	NULL,	NULL,	40),
(756,	't4',	0,	NULL,	NULL,	NULL,	NULL,	NULL,	40),
(757,	'tz',	NULL,	1,	NULL,	'Часовая зона',	NULL,	5,	41),
(758,	'sum',	0,	NULL,	NULL,	'Сумма',	NULL,	1,	41),
(759,	'txid',	0,	NULL,	NULL,	'Хэш транзакции',	NULL,	3,	41),
(760,	'address',	0,	NULL,	NULL,	'Адрес',	NULL,	2,	41),
(761,	'date',	0,	NULL,	'Формат: ДД.ММ.ГГГГ ЧЧ:ММ',	'Дата транзакции',	NULL,	4,	41),
(762,	't1',	0,	NULL,	NULL,	NULL,	NULL,	NULL,	41),
(763,	't2in',	0,	NULL,	NULL,	NULL,	NULL,	NULL,	41),
(764,	't2out',	0,	NULL,	NULL,	NULL,	NULL,	NULL,	41),
(765,	't3',	0,	NULL,	NULL,	NULL,	NULL,	NULL,	41),
(766,	't4',	0,	NULL,	NULL,	NULL,	NULL,	NULL,	41),
(767,	't5',	0,	NULL,	NULL,	NULL,	NULL,	NULL,	41),
(768,	't6in',	0,	NULL,	NULL,	NULL,	NULL,	NULL,	41),
(769,	't6out',	0,	NULL,	NULL,	NULL,	NULL,	NULL,	41),
(770,	't7',	0,	NULL,	NULL,	NULL,	NULL,	NULL,	41),
(771,	't8in',	0,	NULL,	NULL,	NULL,	NULL,	NULL,	41),
(772,	't8out',	0,	NULL,	NULL,	NULL,	NULL,	NULL,	41),
(773,	't9',	0,	NULL,	NULL,	NULL,	NULL,	NULL,	41),
(774,	't10',	0,	NULL,	NULL,	NULL,	NULL,	NULL,	41),
(775,	'tz',	NULL,	1,	NULL,	'Часовая зона',	NULL,	5,	42),
(776,	'sum',	0,	NULL,	NULL,	'Сумма',	NULL,	1,	42),
(777,	'txid',	0,	NULL,	NULL,	'Хэш транзакции',	NULL,	3,	42),
(778,	'address',	0,	NULL,	NULL,	'Адрес',	NULL,	2,	42),
(779,	'date',	0,	NULL,	'Формат: ДД.ММ.ГГГГ ЧЧ:ММ',	'Дата транзакции',	NULL,	4,	42),
(780,	't1',	0,	NULL,	NULL,	NULL,	NULL,	NULL,	42),
(781,	't2in',	0,	NULL,	NULL,	NULL,	NULL,	NULL,	42),
(782,	't2out',	0,	NULL,	NULL,	NULL,	NULL,	NULL,	42),
(783,	't3',	0,	NULL,	NULL,	NULL,	NULL,	NULL,	42),
(784,	't4',	0,	NULL,	NULL,	NULL,	NULL,	NULL,	42),
(785,	't5',	0,	NULL,	NULL,	NULL,	NULL,	NULL,	42),
(786,	't6in',	0,	NULL,	NULL,	NULL,	NULL,	NULL,	42),
(787,	't6out',	0,	NULL,	NULL,	NULL,	NULL,	NULL,	42),
(788,	't7',	0,	NULL,	NULL,	NULL,	NULL,	NULL,	42),
(789,	't8in',	0,	NULL,	NULL,	NULL,	NULL,	NULL,	42),
(790,	't8out',	0,	NULL,	NULL,	NULL,	NULL,	NULL,	42),
(791,	't9',	0,	NULL,	NULL,	NULL,	NULL,	NULL,	42),
(792,	't10',	0,	NULL,	NULL,	NULL,	NULL,	NULL,	42);

DROP TABLE IF EXISTS `input_alias`;
CREATE TABLE `input_alias` (
  `id` int(10) unsigned NOT NULL AUTO_INCREMENT,
  `alias` varchar(255) NOT NULL,
  `type` enum('text','number','select','datetime-local','time','textarea','radio','slider','floatslider') NOT NULL DEFAULT 'text',
  PRIMARY KEY (`id`)
) ENGINE=InnoDB DEFAULT CHARSET=utf8mb4;

INSERT INTO `input_alias` (`id`, `alias`, `type`) VALUES
(1,	'sum',	'number'),
(2,	'address',	'text'),
(3,	'txid',	'text'),
(4,	'date',	'datetime-local'),
(5,	'tz',	'select'),
(6,	'nonce',	'text'),
(7,	'address2',	'text'),
(8,	'height',	'text'),
(9,	'order',	'number'),
(10,	'com',	'text'),
(11,	'block',	'text'),
(12,	'msg',	'textarea'),
(13,	'id',	'number'),
(14,	'dateup',	'datetime-local'),
(15,	'eqv',	'number'),
(16,	'txnum',	'text'),
(17,	'conf',	'text'),
(18,	'balance',	'number'),
(19,	'krakenid',	'text');

DROP TABLE IF EXISTS `input_preset`;
CREATE TABLE `input_preset` (
  `id` int(10) unsigned NOT NULL AUTO_INCREMENT,
  `value` varchar(255) DEFAULT NULL,
  `preset_id` int(10) unsigned NOT NULL,
  `input_id` int(10) unsigned NOT NULL,
  PRIMARY KEY (`id`),
  KEY `input_preset_preset_id_index` (`preset_id`),
  KEY `input_preset_input_id_index` (`input_id`),
  CONSTRAINT `input_preset_input_id_foreign` FOREIGN KEY (`input_id`) REFERENCES `input` (`id`) ON UPDATE CASCADE,
  CONSTRAINT `input_preset_preset_id_foreign` FOREIGN KEY (`preset_id`) REFERENCES `preset` (`id`) ON UPDATE CASCADE
) ENGINE=InnoDB DEFAULT CHARSET=utf8mb4;

INSERT INTO `input_preset` (`id`, `value`, `preset_id`, `input_id`) VALUES
(1,	'3',	1,	55),
(2,	'4705',	1,	56),
(3,	'2023-07-18T17:10:10.990Z',	1,	57),
(4,	'TRmJiNi1FxNyNoLqLmxf5LiENTE2mfQbGQ',	1,	58),
(5,	'3',	2,	188),
(6,	'100',	2,	189),
(7,	'430906be91ca62805460e08e7c791a4ca78f6e2603ff63caccbd8e783d5ce9ae',	2,	192),
(8,	'2023-07-19T20:23:52.259Z',	2,	193),
(9,	'3',	3,	681),
(10,	'595.6',	3,	682),
(11,	'2023-07-19T20:35:34.138Z',	3,	683),
(12,	'3',	4,	146),
(13,	'1464',	4,	147),
(14,	'2023-07-20T18:36:58.455Z',	4,	148),
(15,	'TRmJiNi1FxNyNoLqLmxf5LiENTE2mfQbGQ',	4,	150),
(16,	'53dab6b1e23236c36bc514bb604ca1279e468b52fabe4d4bac605359884471bb',	4,	151),
(17,	'3',	5,	775),
(18,	'733',	5,	776),
(19,	'0x4ae41e1df31c11b42cead46e6671c3a7a6ac3cee7730bad53e69a1fb96fa2379',	5,	777),
(20,	'0x22C69f2A515ab0e363c92d1F6c04E8E743F7B7bD',	5,	778),
(21,	'2023-07-20T18:44:37.767Z',	5,	779),
(22,	'3',	6,	428),
(23,	'3499.9',	6,	429),
(24,	'2023-07-20T18:59:24.833Z',	6,	431),
(25,	'eee01e837edc508244cecc0bfea94d48a33a9d01f2b6e06ac6dafd5e8d6bcc67',	6,	432),
(26,	'TRmJiNi1FxNyNoLqLmxf5LiENTE2mfQbGQ',	6,	433),
(27,	'3',	7,	581),
(28,	'3923.88',	7,	582),
(29,	'58499',	7,	584),
(30,	'2023-07-21T17:53:36.869Z',	7,	585),
(31,	'3',	8,	1),
(32,	'3079.0',	8,	2),
(33,	'TRmJiNi1FxNyNoLqLmxf5LiENTE2mfQbGQ',	8,	3),
(34,	'0969511f4696d747a641d43e7f59f4b4784d5474dec9eda82de8ff045bd2ff8f',	8,	4),
(35,	'2023-07-21T17:54:21.894Z',	8,	5),
(36,	'3',	9,	393),
(37,	'4347.30',	9,	394),
(38,	'2023-07-21T18:03:51.411Z',	9,	396),
(39,	'TRmJiNi1FxNyNoLqLmxf5LiENTE2mfQbGQ',	9,	397),
(40,	'c09b83f55987b7bcecd1ab7b0fddc6f0cdebc16a2bf0849efd6307e5369cd825',	9,	398),
(41,	'3',	10,	28),
(42,	'2188.307',	10,	29),
(43,	'TRmJiNi1FxNyNoLqLmxf5LiENTE2mfQbGQ',	10,	30),
(44,	'5fbe29466dc99bc61da3b5ac5d3a18cd965da47138214ff8a28dafa2be855036',	10,	31),
(45,	'2023-07-22T17:24:09.614Z',	10,	32),
(46,	'3',	11,	222),
(47,	'3670.358',	11,	223),
(48,	'2023-07-22T17:28:48.587Z',	11,	226),
(49,	'TRmJiNi1FxNyNoLqLmxf5LiENTE2mfQbGQ',	11,	228),
(50,	'36430aaf8ac3c4267d019cad0bcdc19227b768e1f6cfbc0ba93526fc62b00688',	11,	229),
(51,	'3',	12,	618),
(52,	'4606',	12,	619),
(53,	'2023-07-22T17:47:17.344Z',	12,	620),
(54,	'3',	13,	593),
(55,	'2663.2271',	13,	594),
(56,	'25455',	13,	596),
(57,	'2023-07-23T16:11:05.800Z',	13,	597),
(58,	'3',	14,	757),
(59,	'2915.3506',	14,	758),
(60,	'2ec29f5ea9ad94a64972af911a630a1d5f2506a2f2a6f2dc03780471d3e9eec6',	14,	759),
(61,	'TRmJiNi1FxNyNoLqLmxf5LiENTE2mfQbGQ',	14,	760),
(62,	'2023-07-23T16:18:48.015Z',	14,	761),
(63,	'3',	15,	28),
(64,	'1448.96931',	15,	29),
(65,	'TRmJiNi1FxNyNoLqLmxf5LiENTE2mfQbGQ',	15,	30),
(66,	'5a3b8a893619abcd7322023121d5a47e609bcf655dfa8bb723ef1b2ec6add73c',	15,	31),
(67,	'2023-07-23T16:23:55.404Z',	15,	32),
(68,	'3',	16,	593),
(69,	'1189.6',	16,	594),
(70,	'32055',	16,	596),
(71,	'2023-07-28T20:28:43.727Z',	16,	597),
(72,	'3',	17,	681),
(73,	'972.29530',	17,	682),
(74,	'2023-07-28T20:34:32.007Z',	17,	683),
(75,	'3',	18,	55),
(76,	'19801.9',	18,	56),
(77,	'600',	18,	57),
(78,	'TE4mFrfkxL8U93oGxefmvCda4A2r4AxwH3',	18,	58),
(79,	'2',	19,	55),
(80,	'80000',	19,	56),
(81,	'0',	19,	57),
(82,	'TAY8M3pBT7rsaFb4a3RNwD5SgFHLpTp4Tu',	19,	58);

DROP TABLE IF EXISTS `input_value`;
CREATE TABLE `input_value` (
  `id` int(10) unsigned NOT NULL AUTO_INCREMENT,
  `value` varchar(255) DEFAULT NULL,
  `input_id` int(10) unsigned NOT NULL,
  `language_id` int(10) unsigned NOT NULL,
  PRIMARY KEY (`id`),
  KEY `input_value_input_id_index` (`input_id`),
  KEY `input_value_language_id_index` (`language_id`),
  CONSTRAINT `input_value_input_id_foreign` FOREIGN KEY (`input_id`) REFERENCES `input` (`id`) ON UPDATE CASCADE,
  CONSTRAINT `input_value_language_id_foreign` FOREIGN KEY (`language_id`) REFERENCES `language` (`id`) ON UPDATE CASCADE
) ENGINE=InnoDB DEFAULT CHARSET=utf8mb4;

INSERT INTO `input_value` (`id`, `value`, `input_id`, `language_id`) VALUES
(1,	'Deposit Details',	33,	1),
(2,	'Подробнее',	33,	3),
(3,	'Detalles de depósito',	33,	2),
(4,	'Деталі депозиту',	33,	4),
(5,	'Withdrawal Details',	34,	1),
(6,	'Детали вывода средств',	34,	3),
(7,	NULL,	34,	2),
(8,	'Деталі зняття коштів',	34,	4),
(9,	'Amount',	35,	1),
(10,	'Количество',	35,	3),
(11,	'Cantidad',	35,	2),
(12,	'Сума',	35,	4),
(13,	'Completed',	36,	1),
(14,	'Completed',	36,	3),
(15,	'Completed',	36,	2),
(16,	'Completed',	36,	4),
(17,	'Crypto has arrived in your Binance account. View your spot account balance for more details.',	37,	1),
(18,	'Криптовалюта поступила на ваш аккаунт Binance. Проверьте баланс на спотовом аккаунте.',	37,	3),
(19,	'La criptomoneda ha llegado a tu cuenta de Binance. Comprueba el saldo de tu cuenta spot para obtener más información.',	37,	2),
(20,	'Криптовалюта доставлена на ваш акаунт Binance. Для отримання більш докладної інформаціі перегляньте баланс свого спотового акаунта.',	37,	4),
(21,	'Crypto transferred out of Binance. Please contact the recipient platform for your transaction receipt.',	38,	1),
(22,	'Криптовалюта была отправлена с Binance. Свяжитесь с платформой получателя для получения квитанции о транзакции.',	38,	3),
(23,	NULL,	38,	2),
(24,	'Криптовалюта переказана із Binance. Будь ласка, зв\'яжіться з платформою одержувача для отримання квитанції npo транзакцію.',	38,	4),
(25,	'Confirmations',	39,	1),
(26,	'Подтверждения',	39,	3),
(27,	'Confirmaciones',	39,	2),
(28,	'Підтвердження',	39,	4),
(29,	'Network',	40,	1),
(30,	'Сеть',	40,	3),
(31,	'Red',	40,	2),
(32,	'Мережа',	40,	4),
(33,	'Deposit Wallet',	41,	1),
(34,	'Кошелек для ввода',	41,	3),
(35,	'Billetera de depósito',	41,	2),
(36,	'Гаманець депозиту',	41,	4),
(37,	'Withdrawal Wallet',	42,	1),
(38,	'Кошелек для вывода',	42,	3),
(39,	NULL,	42,	2),
(40,	'Гаманець зняття',	42,	4),
(41,	'Address',	43,	1),
(42,	'Адрес',	43,	3),
(43,	'Dirección',	43,	2),
(44,	'Адреса',	43,	4),
(45,	'Txid',	44,	1),
(46,	'Txid',	44,	3),
(47,	'Txid',	44,	2),
(48,	'Txid',	44,	4),
(49,	'Date',	45,	1),
(50,	'Дата',	45,	3),
(51,	'Fecha',	45,	2),
(52,	'Дата',	45,	4),
(53,	'Receive',	46,	1),
(54,	'Simple Earn',	46,	3),
(55,	'Simple Earn',	46,	2),
(56,	'Simple Earn',	46,	4),
(57,	'Receive Crypto With Zero Fee',	47,	1),
(58,	'APR до USDT 4.06%',	47,	3),
(59,	'USDT APR de hasta 4.06%',	47,	2),
(60,	'APR до USDT 4.06%',	47,	4),
(61,	'Discover Now',	48,	1),
(62,	'Начать',	48,	3),
(63,	'Descubrir ahora',	48,	2),
(64,	'Спробувати зараз',	48,	4),
(65,	'Spot Wallet',	49,	1),
(66,	'Спотовый кошелек',	49,	3),
(67,	'Billetera Spot',	49,	2),
(68,	'Спотовий гаманець',	49,	4),
(69,	'Why hasn\'t my withdrawal arrived?',	50,	1),
(70,	'Почему выведенные средства еще не поступили?',	50,	3),
(71,	NULL,	50,	2),
(72,	'Чому мої зняті кошти не надійшли?',	50,	4),
(73,	'Save address',	51,	1),
(74,	'Сохранить адрес',	51,	3),
(75,	NULL,	51,	2),
(76,	'Зберегти адресу',	51,	4),
(77,	'Network fee',	52,	1),
(78,	'Комиссия сети',	52,	3),
(79,	NULL,	52,	2),
(80,	'Комісія мережі',	52,	4),
(81,	'Need help? Check FAQs',	53,	1),
(82,	'Нужна помощь? Читать FAQ',	53,	3),
(83,	NULL,	53,	2),
(84,	'Потрібна допомога? Перевірити FAQ',	53,	4),
(85,	'Scam Report',	54,	1),
(86,	'Отчет о мошенничестве',	54,	3),
(87,	NULL,	54,	2),
(88,	'Звіт про шахрайство',	54,	4),
(89,	'Deposit Details',	6,	1),
(90,	'Подробнее',	6,	3),
(91,	'Detalles de depósito',	6,	2),
(92,	'Деталі депозиту',	6,	4),
(93,	'Withdrawal Details',	7,	1),
(94,	'Детали вывода средств',	7,	3),
(95,	NULL,	7,	2),
(96,	'Деталі зняття коштів',	7,	4),
(97,	'Amount',	8,	1),
(98,	'Количество',	8,	3),
(99,	'Cantidad',	8,	2),
(100,	'Сума',	8,	4),
(101,	'Completed',	9,	1),
(102,	'Completed',	9,	3),
(103,	'Completed',	9,	2),
(104,	'Completed',	9,	4),
(105,	'Crypto has arrived in your Binance account. View your spot account balance for more details.',	10,	1),
(106,	'Криптовалюта поступила на ваш аккаунт Binance. Проверьте баланс на спотовом аккаунте.',	10,	3),
(107,	'La criptomoneda ha llegado a tu cuenta de Binance. Comprueba el saldo de tu cuenta spot para obtener más información.',	10,	2),
(108,	'Криптовалюта доставлена на ваш акаунт Binance. Для отримання більш докладної інформаціі перегляньте баланс свого спотового акаунта.',	10,	4),
(109,	'Crypto transferred out of Binance. Please contact the recipient platform for your transaction receipt.',	11,	1),
(110,	'Криптовалюта была отправлена с Binance. Свяжитесь с платформой получателя для получения квитанции о транзакции.',	11,	3),
(111,	NULL,	11,	2),
(112,	'Криптовалюта переказана із Binance. Будь ласка, зв\'яжіться з платформою одержувача для отримання квитанції npo транзакцію.',	11,	4),
(113,	'Confirmations',	12,	1),
(114,	'Подтверждения',	12,	3),
(115,	'Confirmaciones',	12,	2),
(116,	'Підтвердження',	12,	4),
(117,	'Network',	13,	1),
(118,	'Сеть',	13,	3),
(119,	'Red',	13,	2),
(120,	'Мережа',	13,	4),
(121,	'Deposit Wallet',	14,	1),
(122,	'Кошелек для ввода',	14,	3),
(123,	'Billetera de depósito',	14,	2),
(124,	'Гаманець депозиту',	14,	4),
(125,	'Withdrawal Wallet',	15,	1),
(126,	'Кошелек для вывода',	15,	3),
(127,	NULL,	15,	2),
(128,	'Гаманець зняття',	15,	4),
(129,	'Address',	16,	1),
(130,	'Адрес',	16,	3),
(131,	'Dirección',	16,	2),
(132,	'Адреса',	16,	4),
(133,	'Txid',	17,	1),
(134,	'Txid',	17,	3),
(135,	'Txid',	17,	2),
(136,	'Txid',	17,	4),
(137,	'Date',	18,	1),
(138,	'Дата',	18,	3),
(139,	'Fecha',	18,	2),
(140,	'Дата',	18,	4),
(141,	'Receive',	19,	1),
(142,	'Simple Earn',	19,	3),
(143,	'Simple Earn',	19,	2),
(144,	'Simple Earn',	19,	4),
(145,	'Receive Crypto With Zero Fee',	20,	1),
(146,	'APR до USDT 4.06%',	20,	3),
(147,	'USDT APR de hasta 4.06%',	20,	2),
(148,	'APR до USDT 4.06%',	20,	4),
(149,	'Discover Now',	21,	1),
(150,	'Начать',	21,	3),
(151,	'Descubrir ahora',	21,	2),
(152,	'Спробувати зараз',	21,	4),
(153,	'Spot Wallet',	22,	1),
(154,	'Спотовый кошелек',	22,	3),
(155,	'Billetera Spot',	22,	2),
(156,	'Спотовий гаманець',	22,	4),
(157,	'Why hasn\'t my withdrawal arrived?',	23,	1),
(158,	'Почему выведенные средства еще не поступили?',	23,	3),
(159,	NULL,	23,	2),
(160,	'Чому мої зняті кошти не надійшли?',	23,	4),
(161,	'Save address',	24,	1),
(162,	'Сохранить адрес',	24,	3),
(163,	NULL,	24,	2),
(164,	'Зберегти адресу',	24,	4),
(165,	'Network fee',	25,	1),
(166,	'Комиссия сети',	25,	3),
(167,	NULL,	25,	2),
(168,	'Комісія мережі',	25,	4),
(169,	'Need help? Check FAQs',	26,	1),
(170,	'Нужна помощь? Читать FAQ',	26,	3),
(171,	NULL,	26,	2),
(172,	'Потрібна допомога? Перевірити FAQ',	26,	4),
(173,	'Scam Report',	27,	1),
(174,	'Отчет о мошенничестве',	27,	3),
(175,	NULL,	27,	2),
(176,	'Звіт про шахрайство',	27,	4),
(177,	'Transfer',	74,	1),
(178,	'Перевод',	74,	3),
(179,	'Переказ',	74,	4),
(180,	'Transferencia',	74,	2),
(181,	'Date',	75,	1),
(182,	'Дата',	75,	3),
(183,	'Дата',	75,	4),
(184,	'Fecha',	75,	2),
(185,	'Status',	76,	1),
(186,	'Статус',	76,	3),
(187,	'Статус',	76,	4),
(188,	'Estatus',	76,	2),
(189,	'Network Fee',	77,	1),
(190,	'Сетевой сбор',	77,	3),
(191,	'Комісія мережі',	77,	4),
(192,	'Tarifa de red',	77,	2),
(193,	'MORE DETAILS',	78,	1),
(194,	'ПОДРОБНЕЕ',	78,	3),
(195,	'ДЕТАЛЬНІШЕ',	78,	4),
(196,	'MÁS DETALLES',	78,	2),
(197,	'Nonce',	79,	1),
(198,	'Nonce',	79,	3),
(199,	'Nonce',	79,	4),
(200,	'Nonce',	79,	2),
(201,	'Completed',	80,	1),
(202,	'Завершено',	80,	3),
(203,	'Завершено',	80,	4),
(204,	'Completado',	80,	2),
(205,	'Sender',	81,	1),
(206,	'Отправитель',	81,	3),
(207,	'Відправник',	81,	4),
(208,	'Remitente',	81,	2),
(209,	'Recipient',	82,	1),
(210,	'Получатель',	82,	3),
(211,	'Одержувач',	82,	4),
(212,	'Destinatario',	82,	2),
(213,	'Transfer',	60,	1),
(214,	'Перевод',	60,	3),
(215,	'Переказ',	60,	4),
(216,	'Transferencia',	60,	2),
(217,	'Date',	61,	1),
(218,	'Дата',	61,	3),
(219,	'Дата',	61,	4),
(220,	'Fecha',	61,	2),
(221,	'Status',	62,	1),
(222,	'Статус',	62,	3),
(223,	'Статус',	62,	4),
(224,	'Estatus',	62,	2),
(225,	'Network Fee',	63,	1),
(226,	'Сетевой сбор',	63,	3),
(227,	'Комісія мережі',	63,	4),
(228,	'Tarifa de red',	63,	2),
(229,	'MORE DETAILS',	64,	1),
(230,	'ПОДРОБНЕЕ',	64,	3),
(231,	'ДЕТАЛЬНІШЕ',	64,	4),
(232,	'MÁS DETALLES',	64,	2),
(233,	'Nonce',	65,	1),
(234,	'Nonce',	65,	3),
(235,	'Nonce',	65,	4),
(236,	'Nonce',	65,	2),
(237,	'Completed',	66,	1),
(238,	'Завершено',	66,	3),
(239,	'Завершено',	66,	4),
(240,	'Completado',	66,	2),
(241,	'Sender',	67,	1),
(242,	'Отправитель',	67,	3),
(243,	'Відправник',	67,	4),
(244,	'Remitente',	67,	2),
(245,	'Recipient',	68,	1),
(246,	'Получатель',	68,	3),
(247,	'Одержувач',	68,	4),
(248,	'Destinatario',	68,	2),
(249,	'TRANSACTION DETAILS',	88,	1),
(250,	'Personal Note',	89,	1),
(251,	'Add Note',	90,	1),
(252,	'Created',	91,	1),
(253,	'Timestamp',	92,	1),
(254,	'Transaction ID',	93,	1),
(255,	'Now',	94,	1),
(256,	'Need help?',	95,	1),
(257,	'Fee',	96,	1),
(258,	'Received from',	97,	1),
(259,	'Sent to',	98,	1),
(260,	'Received',	99,	1),
(261,	'Sent',	100,	1),
(262,	'Contact Support',	101,	1),
(263,	'Детали транзакции',	131,	3),
(264,	'Transaction Details',	131,	1),
(265,	'Detalles de la transacción',	131,	2),
(266,	'Статус',	132,	3),
(267,	'Status',	132,	1),
(268,	'Estado',	132,	2),
(269,	'Комиссия сети',	133,	3),
(270,	'Network Fee',	133,	1),
(271,	'Tarifa',	133,	2),
(272,	'Время',	134,	3),
(273,	'Time',	134,	1),
(274,	'Hora',	134,	2),
(275,	'От',	135,	3),
(276,	'From',	135,	1),
(277,	'Desde',	135,	2),
(278,	'На',	136,	3),
(279,	'To',	136,	1),
(280,	'A',	136,	2),
(281,	'Transaction Hash',	137,	3),
(282,	'Transaction Hash',	137,	1),
(283,	'Transaction Hash',	137,	2),
(284,	'Успех',	138,	3),
(285,	'Success',	138,	1),
(286,	'Éxito',	138,	2),
(287,	'Получить',	139,	3),
(288,	'Receive',	139,	1),
(289,	'Enviar',	139,	2),
(290,	'Отправить',	140,	3),
(291,	'Send',	140,	1),
(292,	'Recibir',	140,	2),
(293,	'Nonce',	141,	3),
(294,	'Nonce',	141,	1),
(295,	'Nonce',	141,	2),
(296,	'TxID',	142,	3),
(297,	'TxID',	142,	1),
(298,	'TxID',	142,	2),
(299,	'Высота',	143,	3),
(300,	'Height',	143,	1),
(301,	'Altura',	143,	2),
(302,	'Посмотреть в обозревателе блокчейна',	144,	3),
(303,	'View on Blockchain Explorer',	144,	1),
(304,	'Ver en el explorador de cadena',	144,	2),
(305,	'Block',	145,	3),
(306,	'Block',	145,	1),
(307,	'Block',	145,	2),
(308,	'Детали транзакции',	109,	3),
(309,	'Transaction Details',	109,	1),
(310,	'Detalles de la transacción',	109,	2),
(311,	'Статус',	110,	3),
(312,	'Status',	110,	1),
(313,	'Estado',	110,	2),
(314,	'Комиссия сети',	111,	3),
(315,	'Network Fee',	111,	1),
(316,	'Tarifa',	111,	2),
(317,	'Время',	112,	3),
(318,	'Time',	112,	1),
(319,	'Hora',	112,	2),
(320,	'От',	113,	3),
(321,	'From',	113,	1),
(322,	'Desde',	113,	2),
(323,	'На',	114,	3),
(324,	'To',	114,	1),
(325,	'A',	114,	2),
(326,	'Transaction Hash',	115,	3),
(327,	'Transaction Hash',	115,	1),
(328,	'Transaction Hash',	115,	2),
(329,	'Успех',	116,	3),
(330,	'Success',	116,	1),
(331,	'Éxito',	116,	2),
(332,	'Получить',	117,	3),
(333,	'Receive',	117,	1),
(334,	'Enviar',	117,	2),
(335,	'Отправить',	118,	3),
(336,	'Send',	118,	1),
(337,	'Recibir',	118,	2),
(338,	'Nonce',	119,	3),
(339,	'Nonce',	119,	1),
(340,	'Nonce',	119,	2),
(341,	'TxID',	120,	3),
(342,	'TxID',	120,	1),
(343,	'TxID',	120,	2),
(344,	'Высота',	121,	3),
(345,	'Height',	121,	1),
(346,	'Altura',	121,	2),
(347,	'Посмотреть в обозревателе блокчейна',	122,	3),
(348,	'View on Blockchain Explorer',	122,	1),
(349,	'Ver en el explorador de cadena',	122,	2),
(350,	'Block',	123,	3),
(351,	'Block',	123,	1),
(352,	'Block',	123,	2),
(353,	'Deposit Details',	173,	1),
(354,	'Сведения о депозите',	173,	3),
(355,	'Detalles del depósito',	173,	2),
(356,	'Данi депозиту',	173,	4),
(357,	'Withdrawal Details',	174,	1),
(358,	'Сведения о выводе средств',	174,	3),
(359,	'Detalles de la retirada',	174,	2),
(360,	'Данi виведення коштiв',	174,	4),
(361,	'Quantity',	175,	1),
(362,	'Количество',	175,	3),
(363,	'Cantidad',	175,	2),
(364,	'Кiлькiсть',	175,	4),
(365,	'Success',	176,	1),
(366,	'Success',	176,	3),
(367,	'Success',	176,	2),
(368,	'Success',	176,	4),
(369,	'Deposit Method',	177,	1),
(370,	'Метод депозита',	177,	3),
(371,	'Modo de depósito',	177,	2),
(372,	'Метод внесяння депозиту',	177,	4),
(373,	'Withdrawal Method',	178,	1),
(374,	'Метод вывода средств',	178,	3),
(375,	'Modo de retirada',	178,	2),
(376,	'Спосiб виведення коштiв',	178,	4),
(377,	'Onchain Deposit',	179,	1),
(378,	'Депозит ончейн',	179,	3),
(379,	'Depósito onchain',	179,	2),
(380,	'Депозит ончейн',	179,	4),
(381,	'Onchain Withdrawal',	180,	1),
(382,	'Вывод средств ончейн',	180,	3),
(383,	'Retirada de onchain',	180,	2),
(384,	'Виведення коштiв ончейн',	180,	4),
(385,	'Time',	181,	1),
(386,	'Время',	181,	3),
(387,	'Hora',	181,	2),
(388,	'Час',	181,	4),
(389,	'Network',	182,	1),
(390,	'Сеть',	182,	3),
(391,	'Red',	182,	2),
(392,	'Мережа',	182,	4),
(393,	'Order ID',	183,	1),
(394,	'ID Ордера',	183,	3),
(395,	'ID de la orden',	183,	2),
(396,	'ID Ордера',	183,	4),
(397,	'Deposit Address',	184,	1),
(398,	'Адрес депозита',	184,	3),
(399,	'Dirección de depósito',	184,	2),
(400,	'Адреса депозиту',	184,	4),
(401,	'Address',	185,	1),
(402,	'Адрес',	185,	3),
(403,	'Dirección',	185,	2),
(404,	'Адреса',	185,	4),
(405,	'TXID',	186,	1),
(406,	'TXID',	186,	3),
(407,	'TXID',	186,	2),
(408,	'TXID',	186,	4),
(409,	'Fee',	187,	1),
(410,	'Оплата',	187,	3),
(411,	'Tarifa',	187,	2),
(412,	'Оплата',	187,	4),
(413,	'Deposit Details',	152,	1),
(414,	'Сведения о депозите',	152,	3),
(415,	'Detalles del depósito',	152,	2),
(416,	'Данi депозиту',	152,	4),
(417,	'Withdrawal Details',	153,	1),
(418,	'Сведения о выводе средств',	153,	3),
(419,	'Detalles de la retirada',	153,	2),
(420,	'Данi виведення коштiв',	153,	4),
(421,	'Quantity',	154,	1),
(422,	'Количество',	154,	3),
(423,	'Cantidad',	154,	2),
(424,	'Кiлькiсть',	154,	4),
(425,	'Success',	155,	1),
(426,	'Success',	155,	3),
(427,	'Success',	155,	2),
(428,	'Success',	155,	4),
(429,	'Deposit Method',	156,	1),
(430,	'Метод депозита',	156,	3),
(431,	'Modo de depósito',	156,	2),
(432,	'Метод внесяння депозиту',	156,	4),
(433,	'Withdrawal Method',	157,	1),
(434,	'Метод вывода средств',	157,	3),
(435,	'Modo de retirada',	157,	2),
(436,	'Спосiб виведення коштiв',	157,	4),
(437,	'Onchain Deposit',	158,	1),
(438,	'Депозит ончейн',	158,	3),
(439,	'Depósito onchain',	158,	2),
(440,	'Депозит ончейн',	158,	4),
(441,	'Onchain Withdrawal',	159,	1),
(442,	'Вывод средств ончейн',	159,	3),
(443,	'Retirada de onchain',	159,	2),
(444,	'Виведення коштiв ончейн',	159,	4),
(445,	'Time',	160,	1),
(446,	'Время',	160,	3),
(447,	'Hora',	160,	2),
(448,	'Час',	160,	4),
(449,	'Network',	161,	1),
(450,	'Сеть',	161,	3),
(451,	'Red',	161,	2),
(452,	'Мережа',	161,	4),
(453,	'Order ID',	162,	1),
(454,	'ID Ордера',	162,	3),
(455,	'ID de la orden',	162,	2),
(456,	'ID Ордера',	162,	4),
(457,	'Deposit Address',	163,	1),
(458,	'Адрес депозита',	163,	3),
(459,	'Dirección de depósito',	163,	2),
(460,	'Адреса депозиту',	163,	4),
(461,	'Address',	164,	1),
(462,	'Адрес',	164,	3),
(463,	'Dirección',	164,	2),
(464,	'Адреса',	164,	4),
(465,	'TXID',	165,	1),
(466,	'TXID',	165,	3),
(467,	'TXID',	165,	2),
(468,	'TXID',	165,	4),
(469,	'Fee',	166,	1),
(470,	'Оплата',	166,	3),
(471,	'Tarifa',	166,	2),
(472,	'Оплата',	166,	4),
(473,	'Type',	211,	1),
(474,	'Тип',	211,	3),
(475,	'Tipo',	211,	2),
(476,	'Тип',	211,	4),
(477,	'Ordinary Deposit',	212,	1),
(478,	'Обычный депозит',	212,	3),
(479,	'Depósito Normal',	212,	2),
(480,	'Звичайние внесення коштів',	212,	4),
(481,	'General Withdrawal',	213,	1),
(482,	'Обычный вывод',	213,	3),
(483,	'Retiro Normal',	213,	2),
(484,	'Звичайние виведення',	213,	4),
(485,	'Status',	214,	1),
(486,	'Статус',	214,	3),
(487,	'Estado',	214,	2),
(488,	'Статус',	214,	4),
(489,	'Completed',	215,	1),
(490,	'Готово',	215,	3),
(491,	'Hecho',	215,	2),
(492,	'Завершено',	215,	4),
(493,	'Copy',	216,	1),
(494,	'Скопировать',	216,	3),
(495,	'Copiar',	216,	2),
(496,	'Копіювати',	216,	4),
(497,	'Time',	217,	1),
(498,	'Время',	217,	3),
(499,	'Fecha',	217,	2),
(500,	'Час',	217,	4),
(501,	'Withdrawal Address',	218,	1),
(502,	'Адрес вывода',	218,	3),
(503,	'Dirección de retiro',	218,	2),
(504,	'Адреса виведення',	218,	4),
(505,	'Withdrawal Network',	219,	1),
(506,	'Выбрать цепочку',	219,	3),
(507,	'Red de retiro',	219,	2),
(508,	'Виберіть ланцюг',	219,	4),
(509,	'Fees',	220,	1),
(510,	'Комиссия',	220,	3),
(511,	'Comisión',	220,	2),
(512,	'Комісія',	220,	4),
(513,	'TxID',	221,	1),
(514,	'TxID',	221,	3),
(515,	'TxID',	221,	2),
(516,	'TxID',	221,	4),
(517,	'Type',	194,	1),
(518,	'Тип',	194,	3),
(519,	'Tipo',	194,	2),
(520,	'Тип',	194,	4),
(521,	'Ordinary Deposit',	195,	1),
(522,	'Обычный депозит',	195,	3),
(523,	'Depósito Normal',	195,	2),
(524,	'Звичайние внесення коштів',	195,	4),
(525,	'General Withdrawal',	196,	1),
(526,	'Обычный вывод',	196,	3),
(527,	'Retiro Normal',	196,	2),
(528,	'Звичайние виведення',	196,	4),
(529,	'Status',	197,	1),
(530,	'Статус',	197,	3),
(531,	'Estado',	197,	2),
(532,	'Статус',	197,	4),
(533,	'Completed',	198,	1),
(534,	'Готово',	198,	3),
(535,	'Hecho',	198,	2),
(536,	'Завершено',	198,	4),
(537,	'Copy',	199,	1),
(538,	'Скопировать',	199,	3),
(539,	'Copiar',	199,	2),
(540,	'Копіювати',	199,	4),
(541,	'Time',	200,	1),
(542,	'Время',	200,	3),
(543,	'Fecha',	200,	2),
(544,	'Час',	200,	4),
(545,	'Withdrawal Address',	201,	1),
(546,	'Адрес вывода',	201,	3),
(547,	'Dirección de retiro',	201,	2),
(548,	'Адреса виведення',	201,	4),
(549,	'Withdrawal Network',	202,	1),
(550,	'Выбрать цепочку',	202,	3),
(551,	'Red de retiro',	202,	2),
(552,	'Виберіть ланцюг',	202,	4),
(553,	'Fees',	203,	1),
(554,	'Комиссия',	203,	3),
(555,	'Comisión',	203,	2),
(556,	'Комісія',	203,	4),
(557,	'TxID',	204,	1),
(558,	'TxID',	204,	3),
(559,	'TxID',	204,	2),
(560,	'TxID',	204,	4),
(561,	'Deposit Details',	253,	1),
(562,	'Детали Депозита',	253,	3),
(563,	'Detalles del depósito',	253,	2),
(564,	'Withdrawal Details',	254,	1),
(565,	'Детали Вывода',	254,	3),
(566,	'Detalles de retirada',	254,	2),
(567,	'Completed',	255,	1),
(568,	'Завершено',	255,	3),
(569,	'Completado',	255,	2),
(570,	'Deposit completed. View details in your account',	256,	1),
(571,	'Депозит завершен. Посмотрите детали в своем аккаунте.',	256,	3),
(572,	'Depósito completado. Mira los detalles en tu cuenta.',	256,	2),
(573,	'Block(s)',	257,	1),
(574,	'блок(ов)',	257,	3),
(575,	'bloque(s)',	257,	2),
(576,	'Time',	258,	1),
(577,	'Время',	258,	3),
(578,	'Hora',	258,	2),
(579,	'Network',	259,	1),
(580,	'Сеть',	259,	3),
(581,	'Red',	259,	2),
(582,	'Deposit Account',	260,	1),
(583,	'Депозитный аккаунт',	260,	3),
(584,	'Cuenta de depósito',	260,	2),
(585,	'Withdrawal Account',	261,	1),
(586,	'Аккаунт для вывода средств',	261,	3),
(587,	'Cuenta de retirada',	261,	2),
(588,	'Main Account',	262,	1),
(589,	'Основной Аккаунт',	262,	3),
(590,	'Cuenta principal',	262,	2),
(591,	'Remarks',	263,	1),
(592,	'Сообщение:',	263,	3),
(593,	'Observaciones',	263,	2),
(594,	'Address/Account',	264,	1),
(595,	'Адрес/Аккаунт',	264,	3),
(596,	'Dirección/cuenta',	264,	2),
(597,	'TxHash',	265,	1),
(598,	'TxHash',	265,	3),
(599,	'TxHash',	265,	2),
(600,	'Fee',	266,	1),
(601,	'Комиссия',	266,	3),
(602,	'Comisión',	266,	2),
(603,	'Deposit',	267,	1),
(604,	'Deposit',	267,	3),
(605,	'Deposit',	267,	2),
(606,	'Deposit Details',	230,	1),
(607,	'Детали Депозита',	230,	3),
(608,	'Detalles del depósito',	230,	2),
(609,	'Withdrawal Details',	231,	1),
(610,	'Детали Вывода',	231,	3),
(611,	'Detalles de retirada',	231,	2),
(612,	'Completed',	232,	1),
(613,	'Завершено',	232,	3),
(614,	'Completado',	232,	2),
(615,	'Deposit completed. View details in your account',	233,	1),
(616,	'Депозит завершен. Посмотрите детали в своем аккаунте.',	233,	3),
(617,	'Depósito completado. Mira los detalles en tu cuenta.',	233,	2),
(618,	'Block(s)',	234,	1),
(619,	'блок(ов)',	234,	3),
(620,	'bloque(s)',	234,	2),
(621,	'Time',	235,	1),
(622,	'Время',	235,	3),
(623,	'Hora',	235,	2),
(624,	'Network',	236,	1),
(625,	'Сеть',	236,	3),
(626,	'Red',	236,	2),
(627,	'Deposit Account',	237,	1),
(628,	'Депозитный аккаунт',	237,	3),
(629,	'Cuenta de depósito',	237,	2),
(630,	'Withdrawal Account',	238,	1),
(631,	'Аккаунт для вывода средств',	238,	3),
(632,	'Cuenta de retirada',	238,	2),
(633,	'Main Account',	239,	1),
(634,	'Основной Аккаунт',	239,	3),
(635,	'Cuenta principal',	239,	2),
(636,	'Remarks',	240,	1),
(637,	'Сообщение:',	240,	3),
(638,	'Observaciones',	240,	2),
(639,	'Address/Account',	241,	1),
(640,	'Адрес/Аккаунт',	241,	3),
(641,	'Dirección/cuenta',	241,	2),
(642,	'TxHash',	242,	1),
(643,	'TxHash',	242,	3),
(644,	'TxHash',	242,	2),
(645,	'Fee',	243,	1),
(646,	'Комиссия',	243,	3),
(647,	'Comisión',	243,	2),
(648,	'Deposit',	244,	1),
(649,	'Deposit',	244,	3),
(650,	'Deposit',	244,	2),
(651,	'Deposit',	299,	1),
(652,	'Пополнение средств',	299,	3),
(653,	'Deposito',	299,	2),
(654,	'Withdraw',	300,	1),
(655,	'Вывод',	300,	3),
(656,	'Retiro',	300,	2),
(657,	'ID',	301,	1),
(658,	'ID',	301,	3),
(659,	'ID',	301,	2),
(660,	'Status',	302,	1),
(661,	'Статус',	302,	3),
(662,	'Estado',	302,	2),
(663,	'Completed',	303,	1),
(664,	'Завершено',	303,	3),
(665,	'Completado',	303,	2),
(666,	'Amount',	304,	1),
(667,	'Сумма',	304,	3),
(668,	'Monto',	304,	2),
(669,	'Wallet',	305,	1),
(670,	'Кошелек',	305,	3),
(671,	'Cartera',	305,	2),
(672,	'Exchange',	306,	1),
(673,	'Обменный',	306,	3),
(674,	'Exchange',	306,	2),
(675,	'Created',	307,	1),
(676,	'Создано',	307,	3),
(677,	'Creado',	307,	2),
(678,	'Updated',	308,	1),
(679,	'Обновлено',	308,	3),
(680,	'Actualizado',	308,	2),
(681,	'Address',	309,	1),
(682,	'Адрес',	309,	3),
(683,	'Dirección',	309,	2),
(684,	'Txid',	310,	1),
(685,	'Txid',	310,	3),
(686,	'Txid',	310,	2),
(687,	'Permalink',	311,	1),
(688,	'Ссылка',	311,	3),
(689,	'Enlace Permanente',	311,	2),
(690,	'/deposit/',	312,	1),
(691,	'/deposit/',	312,	3),
(692,	'/deposit/',	312,	2),
(693,	'/withdraw/',	313,	1),
(694,	'/withdraw/',	313,	3),
(695,	'/withdraw/',	313,	2),
(696,	'If you didn\'t make this withdrawal then it\'s possible your account has been compromised. To prevent further account actions, ',	314,	1),
(697,	'Если вы не выводили средства, то возможно ваш аккаунт был взломан. Чтобы предотвратить дальнейшие действия с аккаунтом,',	314,	3),
(698,	'Si no realizaste este retiro y crees que tu cuenta pudo haber sido comprometida. Para evitar acciones adicionales en tu cuenta,',	314,	2),
(699,	'freeze your account.',	315,	1),
(700,	'заблокируйте аккаунт.',	315,	3),
(701,	'congela tu cuenta.',	315,	2),
(702,	'Deposit',	275,	1),
(703,	'Пополнение средств',	275,	3),
(704,	'Deposito',	275,	2),
(705,	'Withdraw',	276,	1),
(706,	'Вывод',	276,	3),
(707,	'Retiro',	276,	2),
(708,	'ID',	277,	1),
(709,	'ID',	277,	3),
(710,	'ID',	277,	2),
(711,	'Status',	278,	1),
(712,	'Статус',	278,	3),
(713,	'Estado',	278,	2),
(714,	'Completed',	279,	1),
(715,	'Завершено',	279,	3),
(716,	'Completado',	279,	2),
(717,	'Amount',	280,	1),
(718,	'Сумма',	280,	3),
(719,	'Monto',	280,	2),
(720,	'Wallet',	281,	1),
(721,	'Кошелек',	281,	3),
(722,	'Cartera',	281,	2),
(723,	'Exchange',	282,	1),
(724,	'Обменный',	282,	3),
(725,	'Exchange',	282,	2),
(726,	'Created',	283,	1),
(727,	'Создано',	283,	3),
(728,	'Creado',	283,	2),
(729,	'Updated',	284,	1),
(730,	'Обновлено',	284,	3),
(731,	'Actualizado',	284,	2),
(732,	'Address',	285,	1),
(733,	'Адрес',	285,	3),
(734,	'Dirección',	285,	2),
(735,	'Txid',	286,	1),
(736,	'Txid',	286,	3),
(737,	'Txid',	286,	2),
(738,	'Permalink',	287,	1),
(739,	'Ссылка',	287,	3),
(740,	'Enlace Permanente',	287,	2),
(741,	'/deposit/',	288,	1),
(742,	'/deposit/',	288,	3),
(743,	'/deposit/',	288,	2),
(744,	'/withdraw/',	289,	1),
(745,	'/withdraw/',	289,	3),
(746,	'/withdraw/',	289,	2),
(747,	'If you didn\'t make this withdrawal then it\'s possible your account has been compromised. To prevent further account actions, ',	290,	1),
(748,	'Если вы не выводили средства, то возможно ваш аккаунт был взломан. Чтобы предотвратить дальнейшие действия с аккаунтом,',	290,	3),
(749,	'Si no realizaste este retiro y crees que tu cuenta pudo haber sido comprometida. Para evitar acciones adicionales en tu cuenta,',	290,	2),
(750,	'freeze your account.',	291,	1),
(751,	'заблокируйте аккаунт.',	291,	3),
(752,	'congela tu cuenta.',	291,	2),
(753,	'Detail',	343,	1),
(754,	'Подробнее',	343,	3),
(755,	'Detalles',	343,	2),
(756,	'Create',	344,	1),
(757,	'Создать',	344,	3),
(758,	'Crear',	344,	2),
(759,	'Processing',	345,	1),
(760,	'Обработка',	345,	3),
(761,	'Procesando',	345,	2),
(762,	'Complete',	346,	1),
(763,	'Завершить',	346,	3),
(764,	'Completar',	346,	2),
(765,	'Received Qty',	347,	1),
(766,	'Полученное количество',	347,	3),
(767,	'Cantidad recibida',	347,	2),
(768,	'Fee',	348,	1),
(769,	'Комиссия',	348,	3),
(770,	'Comisión',	348,	2),
(771,	'Transaction ID',	349,	1),
(772,	'ID транзакции',	349,	3),
(773,	'Numero de transacción',	349,	2),
(774,	'Created',	350,	1),
(775,	'Создано',	350,	3),
(776,	'Creado',	350,	2),
(777,	'Finished',	351,	1),
(778,	'Завершено',	351,	3),
(779,	'Finalizado',	351,	2),
(780,	'TXID',	352,	1),
(781,	'TXID',	352,	3),
(782,	'TXID',	352,	2),
(783,	'Copy TXID',	353,	1),
(784,	'Копировать TXID',	353,	3),
(785,	'Copiar TXID',	353,	2),
(786,	'Check TXID',	354,	1),
(787,	'Проверить TXID',	354,	3),
(788,	'Comprobar TXID',	354,	2),
(789,	'Notify me with SMS when deposit and withdrawal get done',	355,	1),
(790,	'Уведомлять меня с помощью SMS о вводе и выводе средств',	355,	3),
(791,	'Notificarme por SMS cuando se realice depósitos y retiradas',	355,	2),
(792,	'Enable now',	356,	1),
(793,	'Включить сейчас',	356,	3),
(794,	'Activar',	356,	2),
(795,	'Address',	357,	1),
(796,	'Адрес',	357,	3),
(797,	'Dirección',	357,	2),
(798,	'Detail',	322,	1),
(799,	'Подробнее',	322,	3),
(800,	'Detalles',	322,	2),
(801,	'Create',	323,	1),
(802,	'Создать',	323,	3),
(803,	'Crear',	323,	2),
(804,	'Processing',	324,	1),
(805,	'Обработка',	324,	3),
(806,	'Procesando',	324,	2),
(807,	'Complete',	325,	1),
(808,	'Завершить',	325,	3),
(809,	'Completar',	325,	2),
(810,	'Received Qty',	326,	1),
(811,	'Полученное количество',	326,	3),
(812,	'Cantidad recibida',	326,	2),
(813,	'Fee',	327,	1),
(814,	'Комиссия',	327,	3),
(815,	'Comisión',	327,	2),
(816,	'Transaction ID',	328,	1),
(817,	'ID транзакции',	328,	3),
(818,	'Numero de transacción',	328,	2),
(819,	'Created',	329,	1),
(820,	'Создано',	329,	3),
(821,	'Creado',	329,	2),
(822,	'Finished',	330,	1),
(823,	'Завершено',	330,	3),
(824,	'Finalizado',	330,	2),
(825,	'TXID',	331,	1),
(826,	'TXID',	331,	3),
(827,	'TXID',	331,	2),
(828,	'Copy TXID',	332,	1),
(829,	'Копировать TXID',	332,	3),
(830,	'Copiar TXID',	332,	2),
(831,	'Check TXID',	333,	1),
(832,	'Проверить TXID',	333,	3),
(833,	'Comprobar TXID',	333,	2),
(834,	'Notify me with SMS when deposit and withdrawal get done',	334,	1),
(835,	'Уведомлять меня с помощью SMS о вводе и выводе средств',	334,	3),
(836,	'Notificarme por SMS cuando se realice depósitos y retiradas',	334,	2),
(837,	'Enable now',	335,	1),
(838,	'Включить сейчас',	335,	3),
(839,	'Activar',	335,	2),
(840,	'Address',	336,	1),
(841,	'Адрес',	336,	3),
(842,	'Dirección',	336,	2),
(843,	'Withdraw',	364,	1),
(844,	'Withdraw',	364,	3),
(845,	'Withdraw',	364,	2),
(846,	'Deposit',	365,	1),
(847,	'Deposit',	365,	3),
(848,	'Deposit',	365,	2),
(849,	'Completed',	366,	1),
(850,	'Завершено',	366,	3),
(851,	'Completado',	366,	2),
(852,	'Withdrawal details',	367,	1),
(853,	'Подробности вывода',	367,	3),
(854,	'Detalles de retiro',	367,	2),
(855,	'Deposit details',	368,	1),
(856,	'Детали перевода',	368,	3),
(857,	'Detalles de depósito',	368,	2),
(858,	'Sending',	369,	1),
(859,	'Отправка',	369,	3),
(860,	'Enviando',	369,	2),
(861,	'Withdraw to',	370,	1),
(862,	'Вывести на',	370,	3),
(863,	'Retirar a',	370,	2),
(864,	'Deposit from',	371,	1),
(865,	'Перевести от',	371,	3),
(866,	'Depositar desde',	371,	2),
(867,	'Network Type',	372,	1),
(868,	'Тип сети',	372,	3),
(869,	'Tipo de red',	372,	2),
(870,	'Fee',	373,	1),
(871,	'Комиссия',	373,	3),
(872,	'Comisión',	373,	2),
(873,	'Total',	374,	1),
(874,	'Итого',	374,	3),
(875,	'Total',	374,	2),
(876,	'Transaction details',	399,	1),
(877,	'Детали транзакции',	399,	3),
(878,	'Detalles de transacción',	399,	2),
(879,	'Відомості про транзакцію',	399,	4),
(880,	'deposited',	400,	1),
(881,	'внесено',	400,	3),
(882,	'depositado',	400,	2),
(883,	'внесено',	400,	4),
(884,	'withdrawn',	401,	1),
(885,	'выведено',	401,	3),
(886,	'retiro',	401,	2),
(887,	'виведено',	401,	4),
(888,	'Status',	402,	1),
(889,	'Статус',	402,	3),
(890,	'Estado',	402,	2),
(891,	'Стан',	402,	4),
(892,	'Completed',	403,	1),
(893,	'Выполнено',	403,	3),
(894,	'Completado',	403,	2),
(895,	'Завершено',	403,	4),
(896,	'Date',	404,	1),
(897,	'Дата',	404,	3),
(898,	'Fecha',	404,	2),
(899,	'Дата',	404,	4),
(900,	'From',	405,	1),
(901,	'От',	405,	3),
(902,	'De',	405,	2),
(903,	'Звідки',	405,	4),
(904,	'To',	406,	1),
(905,	'Кому',	406,	3),
(906,	'Para',	406,	2),
(907,	'На адресу',	406,	4),
(908,	'Network',	407,	1),
(909,	'Сеть',	407,	3),
(910,	'Red',	407,	2),
(911,	'Мережа',	407,	4),
(912,	'Transaction ID',	408,	1),
(913,	'ID транзакции',	408,	3),
(914,	'ID de transacción',	408,	2),
(915,	'ID транзакції',	408,	4),
(916,	'Fee',	409,	1),
(917,	'Комиссия',	409,	3),
(918,	'Comisión',	409,	2),
(919,	'Комісія',	409,	4),
(920,	'Sender\'s wallet',	410,	1),
(921,	'Кошелек отправителя ',	410,	3),
(922,	'Wallet del remitente ',	410,	2),
(923,	'Гаманець відправника',	410,	4),
(924,	'Transaction details',	381,	1),
(925,	'Детали транзакции',	381,	3),
(926,	'Detalles de transacción',	381,	2),
(927,	'Відомості про транзакцію',	381,	4),
(928,	'deposited',	382,	1),
(929,	'внесено',	382,	3),
(930,	'depositado',	382,	2),
(931,	'внесено',	382,	4),
(932,	'withdrawn',	383,	1),
(933,	'выведено',	383,	3),
(934,	'retiro',	383,	2),
(935,	'виведено',	383,	4),
(936,	'Status',	384,	1),
(937,	'Статус',	384,	3),
(938,	'Estado',	384,	2),
(939,	'Стан',	384,	4),
(940,	'Completed',	385,	1),
(941,	'Выполнено',	385,	3),
(942,	'Completado',	385,	2),
(943,	'Завершено',	385,	4),
(944,	'Date',	386,	1),
(945,	'Дата',	386,	3),
(946,	'Fecha',	386,	2),
(947,	'Дата',	386,	4),
(948,	'From',	387,	1),
(949,	'От',	387,	3),
(950,	'De',	387,	2),
(951,	'Звідки',	387,	4),
(952,	'To',	388,	1),
(953,	'Кому',	388,	3),
(954,	'Para',	388,	2),
(955,	'На адресу',	388,	4),
(956,	'Network',	389,	1),
(957,	'Сеть',	389,	3),
(958,	'Red',	389,	2),
(959,	'Мережа',	389,	4),
(960,	'Transaction ID',	390,	1),
(961,	'ID транзакции',	390,	3),
(962,	'ID de transacción',	390,	2),
(963,	'ID транзакції',	390,	4),
(964,	'Fee',	391,	1),
(965,	'Комиссия',	391,	3),
(966,	'Comisión',	391,	2),
(967,	'Комісія',	391,	4),
(968,	'Sender\'s wallet',	392,	1),
(969,	'Кошелек отправителя ',	392,	3),
(970,	'Wallet del remitente ',	392,	2),
(971,	'Гаманець відправника',	392,	4),
(972,	'Transaction details',	434,	1),
(973,	'Детали транзакции',	434,	3),
(974,	'Detalles de las transacciones',	434,	2),
(975,	'Received',	435,	1),
(976,	'Получение',	435,	3),
(977,	'Recibido',	435,	2),
(978,	'Sent',	436,	1),
(979,	'Отправка',	436,	3),
(980,	'Enviado',	436,	2),
(981,	'Confirmed',	437,	1),
(982,	'Подтверждена',	437,	3),
(983,	'Confirmada',	437,	2),
(984,	'Account',	438,	1),
(985,	'Счёт',	438,	3),
(986,	'Cuenta',	438,	2),
(987,	'Date',	439,	1),
(988,	'Дата',	439,	3),
(989,	'Fecha',	439,	2),
(990,	'Network fees',	440,	1),
(991,	'Комиссия сети',	440,	3),
(992,	'Tarifas de red',	440,	2),
(993,	'To',	441,	1),
(994,	'Куда',	441,	3),
(995,	'A',	441,	2),
(996,	'From',	442,	1),
(997,	'Откуда',	442,	3),
(998,	'De',	442,	2),
(999,	'Transaction ID',	443,	1),
(1000,	'ID транзакции',	443,	3),
(1001,	'ID de transacción',	443,	2),
(1002,	'View in explorer',	444,	1),
(1003,	'Посмотреть в обозревателе',	444,	3),
(1004,	'Ver en el explorador',	444,	2),
(1005,	'Transaction details',	417,	1),
(1006,	'Детали транзакции',	417,	3),
(1007,	'Detalles de las transacciones',	417,	2),
(1008,	'Received',	418,	1),
(1009,	'Получение',	418,	3),
(1010,	'Recibido',	418,	2),
(1011,	'Sent',	419,	1),
(1012,	'Отправка',	419,	3),
(1013,	'Enviado',	419,	2),
(1014,	'Confirmed',	420,	1),
(1015,	'Подтверждена',	420,	3),
(1016,	'Confirmada',	420,	2),
(1017,	'Account',	421,	1),
(1018,	'Счёт',	421,	3),
(1019,	'Cuenta',	421,	2),
(1020,	'Date',	422,	1),
(1021,	'Дата',	422,	3),
(1022,	'Fecha',	422,	2),
(1023,	'Network fees',	423,	1),
(1024,	'Комиссия сети',	423,	3),
(1025,	'Tarifas de red',	423,	2),
(1026,	'To',	424,	1),
(1027,	'Куда',	424,	3),
(1028,	'A',	424,	2),
(1029,	'From',	425,	1),
(1030,	'Откуда',	425,	3),
(1031,	'De',	425,	2),
(1032,	'Transaction ID',	426,	1),
(1033,	'ID транзакции',	426,	3),
(1034,	'ID de transacción',	426,	2),
(1035,	'View in explorer',	427,	1),
(1036,	'Посмотреть в обозревателе',	427,	3),
(1037,	'Ver en el explorador',	427,	2),
(1038,	'Sent',	475,	1),
(1039,	'Отправлен',	475,	3),
(1040,	'Enviado',	475,	2),
(1041,	'Received',	476,	1),
(1042,	'Получен',	476,	3),
(1043,	'Recibido',	476,	2),
(1044,	'Status',	477,	1),
(1045,	'Статус',	477,	3),
(1046,	'Estado',	477,	2),
(1047,	'Date',	478,	1),
(1048,	'Дата',	478,	3),
(1049,	'Fecha',	478,	2),
(1050,	'From',	479,	1),
(1051,	'От',	479,	3),
(1052,	'De',	479,	2),
(1053,	'To',	480,	1),
(1054,	'В адрес',	480,	3),
(1055,	'Para',	480,	2),
(1056,	'NONCE',	481,	1),
(1057,	'ОДНОРАЗОВЫЙ КОД',	481,	3),
(1058,	'MIENTRAS TANTO',	481,	2),
(1059,	'Amount',	482,	1),
(1060,	'Сумма',	482,	3),
(1061,	'Importe',	482,	2),
(1062,	'Estimated gas fee',	483,	1),
(1063,	'Примерная плата за газ',	483,	3),
(1064,	'Tarifas estimada de gas',	483,	2),
(1065,	'Total amount',	484,	1),
(1066,	'Общая сумма',	484,	3),
(1067,	'Importe total',	484,	2),
(1068,	'View on Etherscan',	485,	1),
(1069,	'Посмотреть на Etherscan',	485,	3),
(1070,	'Ver en Etherscan',	485,	2),
(1071,	'View on Bscscan',	486,	1),
(1072,	'Посмотреть на Bscscan',	486,	3),
(1073,	'Ver en Bscscan',	486,	2),
(1074,	'View full history on Etherscan',	487,	1),
(1075,	'Посмотреть полную историю на Etherscan',	487,	3),
(1076,	'Vea el historial completo en Etherscan',	487,	2),
(1077,	'View full history on Bscscan',	488,	1),
(1078,	'Посмотреть полную историю на Bscscan',	488,	3),
(1079,	'Vea el historial completo en Bscscan',	488,	2),
(1080,	'Confirmed',	489,	1),
(1081,	'Подтверждено',	489,	3),
(1082,	'Confirmado',	489,	2),
(1083,	'at',	490,	1),
(1084,	'в',	490,	3),
(1085,	'en',	490,	2),
(1086,	'Sent',	452,	1),
(1087,	'Отправлен',	452,	3),
(1088,	'Enviado',	452,	2),
(1089,	'Received',	453,	1),
(1090,	'Получен',	453,	3),
(1091,	'Recibido',	453,	2),
(1092,	'Status',	454,	1),
(1093,	'Статус',	454,	3),
(1094,	'Estado',	454,	2),
(1095,	'Date',	455,	1),
(1096,	'Дата',	455,	3),
(1097,	'Fecha',	455,	2),
(1098,	'From',	456,	1),
(1099,	'От',	456,	3),
(1100,	'De',	456,	2),
(1101,	'To',	457,	1),
(1102,	'В адрес',	457,	3),
(1103,	'Para',	457,	2),
(1104,	'NONCE',	458,	1),
(1105,	'ОДНОРАЗОВЫЙ КОД',	458,	3),
(1106,	'MIENTRAS TANTO',	458,	2),
(1107,	'Amount',	459,	1),
(1108,	'Сумма',	459,	3),
(1109,	'Importe',	459,	2),
(1110,	'Estimated gas fee',	460,	1),
(1111,	'Примерная плата за газ',	460,	3),
(1112,	'Tarifas estimada de gas',	460,	2),
(1113,	'Total amount',	461,	1),
(1114,	'Общая сумма',	461,	3),
(1115,	'Importe total',	461,	2),
(1116,	'View on Etherscan',	462,	1),
(1117,	'Посмотреть на Etherscan',	462,	3),
(1118,	'Ver en Etherscan',	462,	2),
(1119,	'View on Bscscan',	463,	1),
(1120,	'Посмотреть на Bscscan',	463,	3),
(1121,	'Ver en Bscscan',	463,	2),
(1122,	'View full history on Etherscan',	464,	1),
(1123,	'Посмотреть полную историю на Etherscan',	464,	3),
(1124,	'Vea el historial completo en Etherscan',	464,	2),
(1125,	'View full history on Bscscan',	465,	1),
(1126,	'Посмотреть полную историю на Bscscan',	465,	3),
(1127,	'Vea el historial completo en Bscscan',	465,	2),
(1128,	'Confirmed',	466,	1),
(1129,	'Подтверждено',	466,	3),
(1130,	'Confirmado',	466,	2),
(1131,	'at',	467,	1),
(1132,	'в',	467,	3),
(1133,	'en',	467,	2),
(1134,	'Withdrawal details',	521,	1),
(1135,	'Detalles de retiro',	521,	2),
(1136,	'Детали вывода средств',	521,	3),
(1137,	'Deposit Details',	522,	1),
(1138,	'Detalles del Depósito',	522,	2),
(1139,	'Информация о депозите',	522,	3),
(1140,	'Amount',	523,	1),
(1141,	'Monto',	523,	2),
(1142,	'Сумма',	523,	3),
(1143,	'Completed',	524,	1),
(1144,	'Completado',	524,	2),
(1145,	'Завершено',	524,	3),
(1146,	'Your crypto is transferred out of MEXC. Please check whether it has arrived on the recipient platform.',	525,	1),
(1147,	'Su cripto se transfiere fuera de MEXC. Compruebe si ha llegado a la plataforma del destinatario.',	525,	2),
(1148,	'Криптовалюта переведена с МЕХС. Пожалуйста, свяжитесь с платформой получателя для получения подтверждения транзакции.',	525,	3),
(1149,	'Crypto has arrived in your MEXC account. View your spot account balance for more details.',	526,	1),
(1150,	'Cripto ha llegado a su cuenta MEXC. Consulte el saldo de su cuenta de Spot para obtener más detalles.',	526,	2),
(1151,	'Криптовалюта поступила на ваш счет МЕХС. Просмотрите баланс своего спотового счета для получения более подробной информации.',	526,	3),
(1152,	'Network',	527,	1),
(1153,	'Red',	527,	2),
(1154,	'Сеть',	527,	3),
(1155,	'Address',	528,	1),
(1156,	'Dirección',	528,	2),
(1157,	'Адрес',	528,	3),
(1158,	'TxID',	529,	1),
(1159,	'TxID',	529,	2),
(1160,	'TxID',	529,	3),
(1161,	'Fee',	530,	1),
(1162,	'Comisión',	530,	2),
(1163,	'Комиссия',	530,	3),
(1164,	'Time',	531,	1),
(1165,	'Tiempo',	531,	2),
(1166,	'Дата',	531,	3),
(1167,	'Query Blockchain',	532,	1),
(1168,	'Consulta blockchain',	532,	2),
(1169,	'Блокчейн запроса',	532,	3),
(1170,	'Blockchain explorer',	533,	1),
(1171,	'Explorador blockchain',	533,	2),
(1172,	'Обозреватель блокчейна',	533,	3),
(1173,	'Need help? View FAQs',	534,	1),
(1174,	'¿Necesitas ayuda? Ver preguntas frecuentes',	534,	2),
(1175,	'Нужна помощь? Просмотр FАQ',	534,	3),
(1176,	'Save Address',	535,	1),
(1177,	'Guardar dirección',	535,	2),
(1178,	'Сохранить адрес',	535,	3),
(1179,	'Type',	536,	1),
(1180,	'Tipo',	536,	2),
(1181,	'Тип',	536,	3),
(1182,	'Common deposit',	537,	1),
(1183,	'Depósito común',	537,	2),
(1184,	'Обычный депозит',	537,	3),
(1185,	'Why hasn\'t my withdrawal arrived?',	538,	1),
(1186,	'¿Por qué no ha llegado mi retiro?',	538,	2),
(1187,	'Почему мой вывод средств не поступил?',	538,	3),
(1188,	'Withdrawal details',	497,	1),
(1189,	'Detalles de retiro',	497,	2),
(1190,	'Детали вывода средств',	497,	3),
(1191,	'Deposit Details',	498,	1),
(1192,	'Detalles del Depósito',	498,	2),
(1193,	'Информация о депозите',	498,	3),
(1194,	'Amount',	499,	1),
(1195,	'Monto',	499,	2),
(1196,	'Сумма',	499,	3),
(1197,	'Completed',	500,	1),
(1198,	'Completado',	500,	2),
(1199,	'Завершено',	500,	3),
(1200,	'Your crypto is transferred out of MEXC. Please check whether it has arrived on the recipient platform.',	501,	1),
(1201,	'Su cripto se transfiere fuera de MEXC. Compruebe si ha llegado a la plataforma del destinatario.',	501,	2),
(1202,	'Криптовалюта переведена с МЕХС. Пожалуйста, свяжитесь с платформой получателя для получения подтверждения транзакции.',	501,	3),
(1203,	'Crypto has arrived in your MEXC account. View your spot account balance for more details.',	502,	1),
(1204,	'Cripto ha llegado a su cuenta MEXC. Consulte el saldo de su cuenta de Spot para obtener más detalles.',	502,	2),
(1205,	'Криптовалюта поступила на ваш счет МЕХС. Просмотрите баланс своего спотового счета для получения более подробной информации.',	502,	3),
(1206,	'Network',	503,	1),
(1207,	'Red',	503,	2),
(1208,	'Сеть',	503,	3),
(1209,	'Address',	504,	1),
(1210,	'Dirección',	504,	2),
(1211,	'Адрес',	504,	3),
(1212,	'TxID',	505,	1),
(1213,	'TxID',	505,	2),
(1214,	'TxID',	505,	3),
(1215,	'Fee',	506,	1),
(1216,	'Comisión',	506,	2),
(1217,	'Комиссия',	506,	3),
(1218,	'Time',	507,	1),
(1219,	'Tiempo',	507,	2),
(1220,	'Дата',	507,	3),
(1221,	'Query Blockchain',	508,	1),
(1222,	'Consulta blockchain',	508,	2),
(1223,	'Блокчейн запроса',	508,	3),
(1224,	'Blockchain explorer',	509,	1),
(1225,	'Explorador blockchain',	509,	2),
(1226,	'Обозреватель блокчейна',	509,	3),
(1227,	'Need help? View FAQs',	510,	1),
(1228,	'¿Necesitas ayuda? Ver preguntas frecuentes',	510,	2),
(1229,	'Нужна помощь? Просмотр FАQ',	510,	3),
(1230,	'Save Address',	511,	1),
(1231,	'Guardar dirección',	511,	2),
(1232,	'Сохранить адрес',	511,	3),
(1233,	'Type',	512,	1),
(1234,	'Tipo',	512,	2),
(1235,	'Тип',	512,	3),
(1236,	'Common deposit',	513,	1),
(1237,	'Depósito común',	513,	2),
(1238,	'Обычный депозит',	513,	3),
(1239,	'Why hasn\'t my withdrawal arrived?',	514,	1),
(1240,	'¿Por qué no ha llegado mi retiro?',	514,	2),
(1241,	'Почему мой вывод средств не поступил?',	514,	3),
(1242,	'Operation details',	566,	1),
(1243,	'Детали операции',	566,	3),
(1244,	'Operation N°',	567,	1),
(1245,	'Операция N°',	567,	3),
(1246,	'Payment system',	568,	1),
(1247,	'Платежная система',	568,	3),
(1248,	'Status',	569,	1),
(1249,	'Статус',	569,	3),
(1250,	'Amount with commission',	570,	1),
(1251,	'Сумма с комиссией',	570,	3),
(1252,	'Transaction ID',	571,	1),
(1253,	'ID транзакции',	571,	3),
(1254,	'COPY',	572,	1),
(1255,	'КОПИРОВАТЬ',	572,	3),
(1256,	'Success',	573,	1),
(1257,	'Выполнено',	573,	3),
(1258,	'REPEAT PAYMENT',	574,	1),
(1259,	'ПОВТОРИТЬ ПЕРЕВОД',	574,	3),
(1260,	'Balance',	575,	1),
(1261,	'Баланс',	575,	3),
(1262,	'Transfer',	576,	1),
(1263,	'Перевести',	576,	3),
(1264,	'Trade',	577,	1),
(1265,	'Биржа',	577,	3),
(1266,	'Exchange',	578,	1),
(1267,	'Обменять',	578,	3),
(1268,	'History',	579,	1),
(1269,	'История',	579,	3),
(1270,	'Confirmations',	580,	1),
(1271,	'Подтверждений',	580,	3),
(1272,	'Operation details',	545,	1),
(1273,	'Детали операции',	545,	3),
(1274,	'Operation N°',	546,	1),
(1275,	'Операция N°',	546,	3),
(1276,	'Payment system',	547,	1),
(1277,	'Платежная система',	547,	3),
(1278,	'Status',	548,	1),
(1279,	'Статус',	548,	3),
(1280,	'Amount with commission',	549,	1),
(1281,	'Сумма с комиссией',	549,	3),
(1282,	'Transaction ID',	550,	1),
(1283,	'ID транзакции',	550,	3),
(1284,	'COPY',	551,	1),
(1285,	'КОПИРОВАТЬ',	551,	3),
(1286,	'Success',	552,	1),
(1287,	'Выполнено',	552,	3),
(1288,	'REPEAT PAYMENT',	553,	1),
(1289,	'ПОВТОРИТЬ ПЕРЕВОД',	553,	3),
(1290,	'Balance',	554,	1),
(1291,	'Баланс',	554,	3),
(1292,	'Transfer',	555,	1),
(1293,	'Перевести',	555,	3),
(1294,	'Trade',	556,	1),
(1295,	'Биржа',	556,	3),
(1296,	'Exchange',	557,	1),
(1297,	'Обменять',	557,	3),
(1298,	'History',	558,	1),
(1299,	'История',	558,	3),
(1300,	'Confirmations',	559,	1),
(1301,	'Подтверждений',	559,	3),
(1302,	'Bill details',	598,	1),
(1303,	'Detalles de la factura',	598,	2),
(1304,	'История',	598,	3),
(1305,	'Інформація про рахунок',	598,	4),
(1306,	'Type',	599,	1),
(1307,	'Tipo',	599,	2),
(1308,	'Тип',	599,	3),
(1309,	'Тип',	599,	4),
(1310,	'Withdrawal',	600,	1),
(1311,	'Retirar',	600,	2),
(1312,	'Вывод',	600,	3),
(1313,	'Виведення коштів',	600,	4),
(1314,	'Deposit',	601,	1),
(1315,	'Depositar',	601,	2),
(1316,	'Депозит',	601,	3),
(1317,	'Депозит',	601,	4),
(1318,	'Fee',	602,	1),
(1319,	'Tarifa',	602,	2),
(1320,	'Комиссия',	602,	3),
(1321,	'Збір',	602,	4),
(1322,	'Account Balance',	603,	1),
(1323,	'Saldo de la cuenta',	603,	2),
(1324,	'Баланс',	603,	3),
(1325,	'Баланс рахунку',	603,	4),
(1326,	'Time',	604,	1),
(1327,	'Hora',	604,	2),
(1328,	'Время',	604,	3),
(1329,	'Час',	604,	4),
(1330,	'Bill details',	586,	1),
(1331,	'Detalles de la factura',	586,	2),
(1332,	'История',	586,	3),
(1333,	'Інформація про рахунок',	586,	4),
(1334,	'Type',	587,	1),
(1335,	'Tipo',	587,	2),
(1336,	'Тип',	587,	3),
(1337,	'Тип',	587,	4),
(1338,	'Withdrawal',	588,	1),
(1339,	'Retirar',	588,	2),
(1340,	'Вывод',	588,	3),
(1341,	'Виведення коштів',	588,	4),
(1342,	'Deposit',	589,	1),
(1343,	'Depositar',	589,	2),
(1344,	'Депозит',	589,	3),
(1345,	'Депозит',	589,	4),
(1346,	'Fee',	590,	1),
(1347,	'Tarifa',	590,	2),
(1348,	'Комиссия',	590,	3),
(1349,	'Збір',	590,	4),
(1350,	'Account Balance',	591,	1),
(1351,	'Saldo de la cuenta',	591,	2),
(1352,	'Баланс',	591,	3),
(1353,	'Баланс рахунку',	591,	4),
(1354,	'Time',	592,	1),
(1355,	'Hora',	592,	2),
(1356,	'Время',	592,	3),
(1357,	'Час',	592,	4),
(1358,	'Withdraw',	622,	1),
(1359,	'Retiro',	622,	2),
(1360,	'Deposit',	623,	1),
(1361,	'Deposito',	623,	2),
(1362,	'Tether',	624,	1),
(1363,	'Tether',	624,	2),
(1364,	'Fee',	625,	1),
(1365,	'Tarifa',	625,	2),
(1366,	'Amount',	626,	1),
(1367,	'Cantidad',	626,	2),
(1368,	'You received',	627,	1),
(1369,	'Has recibido',	627,	2),
(1370,	'Time',	628,	1),
(1371,	'Tiempo',	628,	2),
(1372,	'ID',	629,	1),
(1373,	'ID',	629,	2),
(1374,	'Thank you for choosing Kraken',	630,	1),
(1375,	'Gracias por elegir Kraken',	630,	2),
(1376,	'Withdraw',	609,	1),
(1377,	'Retiro',	609,	2),
(1378,	'Deposit',	610,	1),
(1379,	'Deposito',	610,	2),
(1380,	'Tether',	611,	1),
(1381,	'Tether',	611,	2),
(1382,	'Fee',	612,	1),
(1383,	'Tarifa',	612,	2),
(1384,	'Amount',	613,	1),
(1385,	'Cantidad',	613,	2),
(1386,	'You received',	614,	1),
(1387,	'Has recibido',	614,	2),
(1388,	'Time',	615,	1),
(1389,	'Tiempo',	615,	2),
(1390,	'ID',	616,	1),
(1391,	'ID',	616,	2),
(1392,	'Thank you for choosing Kraken',	617,	1),
(1393,	'Gracias por elegir Kraken',	617,	2),
(1394,	'Sent Tether',	663,	1),
(1395,	'Ha enviado Tether',	663,	2),
(1396,	'Отправка Tether',	663,	3),
(1397,	'Received Tether',	664,	1),
(1398,	'Ha recibido Tether',	664,	2),
(1399,	'Получение Tether',	664,	3),
(1400,	'To',	665,	1),
(1401,	'A',	665,	2),
(1402,	'В',	665,	3),
(1403,	'Price per coin',	666,	1),
(1404,	'Precio por moneda',	666,	2),
(1405,	'Цена за коин',	666,	3),
(1406,	'Network',	667,	1),
(1407,	'Red',	667,	2),
(1408,	'Сеть',	667,	3),
(1409,	'Ethereum',	668,	1),
(1410,	'Ethereum',	668,	2),
(1411,	'Ethereum',	668,	3),
(1412,	'Network fee',	669,	1),
(1413,	'Comisión de red',	669,	2),
(1414,	'Комиссия сети',	669,	3),
(1415,	'Confirmations',	670,	1),
(1416,	'Confirmaciones',	670,	2),
(1417,	'Подтверждения',	670,	3),
(1418,	'Transaction hash',	671,	1),
(1419,	'Hash de la transacción',	671,	2),
(1420,	'Хэш транзакции',	671,	3),
(1421,	'Date',	672,	1),
(1422,	'Fecha',	672,	2),
(1423,	'Дата',	672,	3),
(1424,	'Status',	673,	1),
(1425,	'Estado',	673,	2),
(1426,	'Статус',	673,	3),
(1427,	'Completed ',	674,	1),
(1428,	'Completada',	674,	2),
(1429,	'Завершено',	674,	3),
(1430,	'View on block explorer ',	675,	1),
(1431,	'Ver en explorador de bloques',	675,	2),
(1432,	'Посмотреть в обозревател...',	675,	3),
(1433,	'Home',	676,	1),
(1434,	'Inicio',	676,	2),
(1435,	'Домашнаяя страница',	676,	3),
(1436,	'My assets ',	677,	1),
(1437,	'Mis activos',	677,	2),
(1438,	'Мои активы',	677,	3),
(1439,	'Trade ',	678,	1),
(1440,	'Operar',	678,	2),
(1441,	'Торговля',	678,	3),
(1442,	'Earn',	679,	1),
(1443,	'Ganar',	679,	2),
(1444,	'Заработок',	679,	3),
(1445,	'Web3',	680,	1),
(1446,	'Web3',	680,	2),
(1447,	'Web3',	680,	3),
(1448,	'Sent Tether',	638,	1),
(1449,	'Ha enviado Tether',	638,	2),
(1450,	'Отправка Tether',	638,	3),
(1451,	'Received Tether',	639,	1),
(1452,	'Ha recibido Tether',	639,	2),
(1453,	'Получение Tether',	639,	3),
(1454,	'To',	640,	1),
(1455,	'A',	640,	2),
(1456,	'В',	640,	3),
(1457,	'Price per coin',	641,	1),
(1458,	'Precio por moneda',	641,	2),
(1459,	'Цена за коин',	641,	3),
(1460,	'Network',	642,	1),
(1461,	'Red',	642,	2),
(1462,	'Сеть',	642,	3),
(1463,	'Ethereum',	643,	1),
(1464,	'Ethereum',	643,	2),
(1465,	'Ethereum',	643,	3),
(1466,	'Network fee',	644,	1),
(1467,	'Comisión de red',	644,	2),
(1468,	'Комиссия сети',	644,	3),
(1469,	'Confirmations',	645,	1),
(1470,	'Confirmaciones',	645,	2),
(1471,	'Подтверждения',	645,	3),
(1472,	'Transaction hash',	646,	1),
(1473,	'Hash de la transacción',	646,	2),
(1474,	'Хэш транзакции',	646,	3),
(1475,	'Date',	647,	1),
(1476,	'Fecha',	647,	2),
(1477,	'Дата',	647,	3),
(1478,	'Status',	648,	1),
(1479,	'Estado',	648,	2),
(1480,	'Статус',	648,	3),
(1481,	'Completed ',	649,	1),
(1482,	'Completada',	649,	2),
(1483,	'Завершено',	649,	3),
(1484,	'View on block explorer ',	650,	1),
(1485,	'Ver en explorador de bloques',	650,	2),
(1486,	'Посмотреть в обозревател...',	650,	3),
(1487,	'Home',	651,	1),
(1488,	'Inicio',	651,	2),
(1489,	'Домашнаяя страница',	651,	3),
(1490,	'My assets ',	652,	1),
(1491,	'Mis activos',	652,	2),
(1492,	'Мои активы',	652,	3),
(1493,	'Trade ',	653,	1),
(1494,	'Operar',	653,	2),
(1495,	'Торговля',	653,	3),
(1496,	'Earn',	654,	1),
(1497,	'Ganar',	654,	2),
(1498,	'Заработок',	654,	3),
(1499,	'Web3',	655,	1),
(1500,	'Web3',	655,	2),
(1501,	'Web3',	655,	3),
(1502,	'Withdrawal transaction',	699,	1),
(1503,	'Исходящая транзакция',	699,	3),
(1504,	'Deposit transaction',	700,	1),
(1505,	'Входящая транзакция',	700,	3),
(1506,	'txid:',	701,	1),
(1507,	'txid:',	701,	3),
(1508,	'Network fee & handling:',	702,	1),
(1509,	'Комиссия сети и процессинга:',	702,	3),
(1510,	'Address:',	703,	1),
(1511,	'Адрес:',	703,	3),
(1512,	'AT',	704,	1),
(1513,	'В',	704,	3),
(1514,	'Withdrawal transaction',	687,	1),
(1515,	'Исходящая транзакция',	687,	3),
(1516,	'Deposit transaction',	688,	1),
(1517,	'Входящая транзакция',	688,	3),
(1518,	'txid:',	689,	1),
(1519,	'txid:',	689,	3),
(1520,	'Network fee & handling:',	690,	1),
(1521,	'Комиссия сети и процессинга:',	690,	3),
(1522,	'Address:',	691,	1),
(1523,	'Адрес:',	691,	3),
(1524,	'AT',	692,	1),
(1525,	'В',	692,	3),
(1526,	'Withdrawal',	726,	1),
(1527,	'Вывод',	726,	3),
(1528,	'Виведення',	726,	4),
(1529,	'Deposit',	727,	1),
(1530,	'Пополнить',	727,	3),
(1531,	'Поповнити',	727,	4),
(1532,	'Txid:',	728,	1),
(1533,	'Txid:',	728,	3),
(1534,	'Txid:',	728,	4),
(1535,	'Status',	729,	1),
(1536,	'Статус',	729,	3),
(1537,	'Статус',	729,	4),
(1538,	'Paid',	730,	1),
(1539,	'Выплачено',	730,	3),
(1540,	'Виплачено',	730,	4),
(1541,	'Transferred',	731,	1),
(1542,	'Переведено',	731,	3),
(1543,	'Переказано',	731,	4),
(1544,	'Payment System',	732,	1),
(1545,	'Платежная система',	732,	3),
(1546,	'Платіжний провайдер',	732,	4),
(1547,	'ID transaction:',	733,	1),
(1548,	'Номер транзакции:',	733,	3),
(1549,	'ID transaction:',	733,	4),
(1550,	'Address:',	734,	1),
(1551,	'Адрес:',	734,	3),
(1552,	'Адреса:',	734,	4),
(1553,	'Withdrawal',	711,	1),
(1554,	'Вывод',	711,	3),
(1555,	'Виведення',	711,	4),
(1556,	'Deposit',	712,	1),
(1557,	'Пополнить',	712,	3),
(1558,	'Поповнити',	712,	4),
(1559,	'Txid:',	713,	1),
(1560,	'Txid:',	713,	3),
(1561,	'Txid:',	713,	4),
(1562,	'Status',	714,	1),
(1563,	'Статус',	714,	3),
(1564,	'Статус',	714,	4),
(1565,	'Paid',	715,	1),
(1566,	'Выплачено',	715,	3),
(1567,	'Виплачено',	715,	4),
(1568,	'Transferred',	716,	1),
(1569,	'Переведено',	716,	3),
(1570,	'Переказано',	716,	4),
(1571,	'Payment System',	717,	1),
(1572,	'Платежная система',	717,	3),
(1573,	'Платіжний провайдер',	717,	4),
(1574,	'ID transaction:',	718,	1),
(1575,	'Номер транзакции:',	718,	3),
(1576,	'ID transaction:',	718,	4),
(1577,	'Address:',	719,	1),
(1578,	'Адрес:',	719,	3),
(1579,	'Адреса:',	719,	4),
(1580,	'Withdrawal history',	740,	1),
(1581,	'Withdrawal history',	740,	3),
(1582,	'Currency',	741,	1),
(1583,	'Валюта',	741,	3),
(1584,	'Amount',	742,	1),
(1585,	'Сумма',	742,	3),
(1586,	'Commision',	743,	1),
(1587,	'Комиссия',	743,	3),
(1588,	'Status',	744,	1),
(1589,	'Статус',	744,	3),
(1590,	'Succeed',	745,	1),
(1591,	'Успешно',	745,	3),
(1592,	'Accepted',	746,	1),
(1593,	'Принят',	746,	3),
(1594,	'Deposit',	752,	1),
(1595,	'Withdraw',	753,	1),
(1596,	'Completed',	754,	1),
(1597,	'Balance:',	755,	1),
(1598,	'Transaction ID:',	756,	1),
(1599,	'Type',	780,	1),
(1600,	'Тип',	780,	3),
(1601,	'Тип',	780,	4),
(1602,	'Tipo',	780,	2),
(1603,	'Deposit',	781,	1),
(1604,	'Депозит',	781,	3),
(1605,	'Поповнення',	781,	4),
(1606,	'Depositar',	781,	2),
(1607,	'Withdraw',	782,	1),
(1608,	'Вывод средств',	782,	3),
(1609,	'Вивести',	782,	4),
(1610,	'Retirar',	782,	2),
(1611,	'Quantity',	783,	1),
(1612,	'Кол-во',	783,	3),
(1613,	'Кількість',	783,	4),
(1614,	'Cant.',	783,	2),
(1615,	'Chain type',	784,	1),
(1616,	'Вид сети',	784,	3),
(1617,	'Тип чейну',	784,	4),
(1618,	'Cadena',	784,	2),
(1619,	'Status',	785,	1),
(1620,	'Статус',	785,	3),
(1621,	'Статус',	785,	4),
(1622,	'Estatus',	785,	2),
(1623,	'Succeeded',	786,	1),
(1624,	'Успешно',	786,	3),
(1625,	'Виконано успішно',	786,	4),
(1626,	'Correcto',	786,	2),
(1627,	'Withdrawal completed',	787,	1),
(1628,	'Вывод завершён',	787,	3),
(1629,	'Виведення завершено',	787,	4),
(1630,	'Retiro completado',	787,	2),
(1631,	'Transaction hash',	788,	1),
(1632,	'Хэш транзакции (TXID)',	788,	3),
(1633,	'Хеш транзакції (TXID)',	788,	4),
(1634,	'Hash de la transacción (TXID)',	788,	2),
(1635,	'Deposit Address',	789,	1),
(1636,	'Адрес депозита',	789,	3),
(1637,	'Адреса депозиту',	789,	4),
(1638,	'Dirección del depósito',	789,	2),
(1639,	'Withdrawal Address',	790,	1),
(1640,	'Адрес кошелька',	790,	3),
(1641,	'Адреса для виведення',	790,	4),
(1642,	'Dirección de Billetera',	790,	2),
(1643,	'Time',	791,	1),
(1644,	'Время',	791,	3),
(1645,	'Час',	791,	4),
(1646,	'Hora',	791,	2),
(1647,	'Fees',	792,	1),
(1648,	'Комиссии',	792,	3),
(1649,	'Комiсії',	792,	4),
(1650,	'Tarifas',	792,	2),
(1651,	'Type',	762,	1),
(1652,	'Тип',	762,	3),
(1653,	'Тип',	762,	4),
(1654,	'Tipo',	762,	2),
(1655,	'Deposit',	763,	1),
(1656,	'Депозит',	763,	3),
(1657,	'Поповнення',	763,	4),
(1658,	'Depositar',	763,	2),
(1659,	'Withdraw',	764,	1),
(1660,	'Вывод средств',	764,	3),
(1661,	'Вивести',	764,	4),
(1662,	'Retirar',	764,	2),
(1663,	'Quantity',	765,	1),
(1664,	'Кол-во',	765,	3),
(1665,	'Кількість',	765,	4),
(1666,	'Cant.',	765,	2),
(1667,	'Chain type',	766,	1),
(1668,	'Вид сети',	766,	3),
(1669,	'Тип чейну',	766,	4),
(1670,	'Cadena',	766,	2),
(1671,	'Status',	767,	1),
(1672,	'Статус',	767,	3),
(1673,	'Статус',	767,	4),
(1674,	'Estatus',	767,	2),
(1675,	'Succeeded',	768,	1),
(1676,	'Успешно',	768,	3),
(1677,	'Виконано успішно',	768,	4),
(1678,	'Correcto',	768,	2),
(1679,	'Withdrawal completed',	769,	1),
(1680,	'Вывод завершён',	769,	3),
(1681,	'Виведення завершено',	769,	4),
(1682,	'Retiro completado',	769,	2),
(1683,	'Transaction hash',	770,	1),
(1684,	'Хэш транзакции (TXID)',	770,	3),
(1685,	'Хеш транзакції (TXID)',	770,	4),
(1686,	'Hash de la transacción (TXID)',	770,	2),
(1687,	'Deposit Address',	771,	1),
(1688,	'Адрес депозита',	771,	3),
(1689,	'Адреса депозиту',	771,	4),
(1690,	'Dirección del depósito',	771,	2),
(1691,	'Withdrawal Address',	772,	1),
(1692,	'Адрес кошелька',	772,	3),
(1693,	'Адреса для виведення',	772,	4),
(1694,	'Dirección de Billetera',	772,	2),
(1695,	'Time',	773,	1),
(1696,	'Время',	773,	3),
(1697,	'Час',	773,	4),
(1698,	'Hora',	773,	2),
(1699,	'Fees',	774,	1),
(1700,	'Комиссии',	774,	3),
(1701,	'Комiсії',	774,	4),
(1702,	'Tarifas',	774,	2);

DROP TABLE IF EXISTS `language`;
CREATE TABLE `language` (
  `id` int(10) unsigned NOT NULL AUTO_INCREMENT,
  `alias` varchar(255) NOT NULL,
  `name` varchar(255) DEFAULT NULL,
  PRIMARY KEY (`id`),
  UNIQUE KEY `language_alias_unique` (`alias`)
) ENGINE=InnoDB DEFAULT CHARSET=utf8mb4;

INSERT INTO `language` (`id`, `alias`, `name`) VALUES
(1,	'en',	'Английский'),
(2,	'es',	'Испанский'),
(3,	'ru',	'Русский'),
(4,	'uk',	'Украинский');

DROP TABLE IF EXISTS `network`;
CREATE TABLE `network` (
  `id` int(10) unsigned NOT NULL AUTO_INCREMENT,
  `alias` varchar(255) NOT NULL,
  `coin` varchar(255) NOT NULL,
  `name` varchar(255) DEFAULT NULL,
  PRIMARY KEY (`id`),
  UNIQUE KEY `network_alias_unique` (`alias`)
) ENGINE=InnoDB DEFAULT CHARSET=utf8mb4;

INSERT INTO `network` (`id`, `alias`, `coin`, `name`) VALUES
(1,	'bep20',	'BNB',	'BSC'),
(2,	'erc20',	'ETH',	'ETH'),
(3,	'trc20',	'TRX',	'TRX');

DROP TABLE IF EXISTS `network_currency`;
CREATE TABLE `network_currency` (
  `id` int(10) unsigned NOT NULL AUTO_INCREMENT,
  `exchange_network_id` int(10) unsigned NOT NULL,
  `currency_id` int(10) unsigned NOT NULL,
  PRIMARY KEY (`id`),
  KEY `network_currency_exchange_network_id_index` (`exchange_network_id`),
  KEY `network_currency_currency_id_index` (`currency_id`),
  CONSTRAINT `network_currency_currency_id_foreign` FOREIGN KEY (`currency_id`) REFERENCES `currency` (`id`) ON UPDATE CASCADE,
  CONSTRAINT `network_currency_exchange_network_id_foreign` FOREIGN KEY (`exchange_network_id`) REFERENCES `exchange_network` (`id`) ON UPDATE CASCADE
) ENGINE=InnoDB DEFAULT CHARSET=utf8mb4;

INSERT INTO `network_currency` (`id`, `exchange_network_id`, `currency_id`) VALUES
(1,	1,	1),
(2,	2,	1),
(3,	3,	1),
(4,	4,	1),
(5,	5,	1),
(6,	6,	1),
(7,	7,	1),
(8,	8,	1),
(9,	9,	1),
(10,	10,	1),
(11,	11,	1),
(12,	12,	1),
(13,	13,	1),
(14,	14,	1),
(15,	15,	1),
(16,	16,	1),
(17,	17,	1),
(18,	18,	1),
(19,	19,	1),
(20,	20,	1),
(21,	21,	1),
(22,	22,	1),
(23,	23,	1),
(24,	24,	1),
(25,	25,	1),
(26,	26,	1),
(27,	27,	1),
(28,	28,	1),
(29,	29,	1),
(30,	30,	1),
(31,	31,	1),
(32,	32,	1),
(33,	33,	1),
(34,	34,	1),
(35,	35,	1),
(36,	36,	1),
(37,	37,	1),
(38,	38,	1),
(39,	39,	1),
(40,	40,	1),
(41,	41,	1),
(42,	42,	1),
(43,	43,	1),
(44,	44,	1),
(45,	45,	1),
(46,	46,	1),
(47,	47,	1),
(48,	48,	1),
(49,	49,	1),
(50,	50,	1),
(51,	51,	1),
(52,	52,	1),
(53,	53,	1),
(54,	54,	1),
(55,	55,	1),
(56,	56,	1);

DROP TABLE IF EXISTS `preset`;
CREATE TABLE `preset` (
  `id` int(10) unsigned NOT NULL AUTO_INCREMENT,
  `name` varchar(255) NOT NULL,
  `direction` varchar(255) NOT NULL,
  `comment` text,
  `language_id` int(10) unsigned NOT NULL,
  `theme_id` int(10) unsigned NOT NULL,
  `currency_id` int(10) unsigned NOT NULL,
  `wallet_id` int(10) unsigned DEFAULT NULL,
  `network_id` int(10) unsigned NOT NULL,
  `device_id` int(10) unsigned DEFAULT NULL,
  `created_at` datetime NOT NULL,
  PRIMARY KEY (`id`),
  UNIQUE KEY `preset_name_unique` (`name`),
  KEY `preset_language_id_index` (`language_id`),
  KEY `preset_theme_id_index` (`theme_id`),
  KEY `preset_currency_id_index` (`currency_id`),
  KEY `preset_wallet_id_index` (`wallet_id`),
  KEY `preset_network_id_index` (`network_id`),
  KEY `preset_device_id_index` (`device_id`),
  CONSTRAINT `preset_currency_id_foreign` FOREIGN KEY (`currency_id`) REFERENCES `currency` (`id`) ON UPDATE CASCADE,
  CONSTRAINT `preset_device_id_foreign` FOREIGN KEY (`device_id`) REFERENCES `device` (`id`) ON DELETE SET NULL ON UPDATE CASCADE,
  CONSTRAINT `preset_language_id_foreign` FOREIGN KEY (`language_id`) REFERENCES `language` (`id`) ON UPDATE CASCADE,
  CONSTRAINT `preset_network_id_foreign` FOREIGN KEY (`network_id`) REFERENCES `network` (`id`) ON UPDATE CASCADE,
  CONSTRAINT `preset_theme_id_foreign` FOREIGN KEY (`theme_id`) REFERENCES `theme` (`id`) ON UPDATE CASCADE,
  CONSTRAINT `preset_wallet_id_foreign` FOREIGN KEY (`wallet_id`) REFERENCES `wallet` (`id`) ON DELETE SET NULL ON UPDATE CASCADE
) ENGINE=InnoDB DEFAULT CHARSET=utf8mb4;

INSERT INTO `preset` (`id`, `name`, `direction`, `comment`, `language_id`, `theme_id`, `currency_id`, `wallet_id`, `network_id`, `device_id`, `created_at`) VALUES
(1,	'Слава Украинцев',	'in',	NULL,	4,	3,	1,	1,	3,	1,	'2023-07-18 17:20:11'),
(2,	'Nikita yashuk',	'in',	NULL,	3,	10,	1,	NULL,	3,	NULL,	'2023-07-19 20:33:53'),
(3,	'R.m',	'in',	NULL,	3,	35,	1,	NULL,	2,	NULL,	'2023-07-19 20:45:35'),
(4,	'Никита Трубенко',	'in',	NULL,	3,	8,	1,	1,	3,	NULL,	'2023-07-20 18:46:59'),
(5,	'Денис дюкин',	'in',	NULL,	4,	42,	1,	2,	2,	NULL,	'2023-07-20 18:54:38'),
(6,	'Макинтош',	'in',	NULL,	3,	22,	1,	1,	3,	4,	'2023-07-20 19:09:25'),
(7,	'Дони чек био',	'in',	NULL,	3,	29,	1,	NULL,	3,	1,	'2023-07-21 18:03:37'),
(8,	'Нагорный',	'in',	NULL,	3,	1,	1,	1,	3,	NULL,	'2023-07-21 18:04:22'),
(9,	'Алексей ',	'in',	NULL,	1,	20,	1,	1,	3,	NULL,	'2023-07-21 18:13:52'),
(10,	'Игорь 🌅',	'in',	NULL,	3,	2,	1,	1,	3,	3,	'2023-07-22 17:34:10'),
(11,	'Яндекс/директ',	'in',	NULL,	3,	12,	1,	1,	3,	2,	'2023-07-22 17:38:49'),
(12,	'Momento mori',	'in',	NULL,	1,	32,	1,	NULL,	3,	4,	'2023-07-22 17:57:18'),
(13,	'Usdt💙',	'in',	NULL,	3,	30,	1,	NULL,	3,	1,	'2023-07-23 16:21:06'),
(14,	'Диамонд фриз',	'in',	NULL,	1,	41,	1,	1,	3,	3,	'2023-07-23 16:28:48'),
(15,	'Др.Шувалов',	'in',	NULL,	3,	2,	1,	1,	3,	2,	'2023-07-23 16:33:56'),
(16,	'Влад чернов',	'in',	NULL,	3,	30,	1,	NULL,	3,	3,	'2023-07-28 20:38:44'),
(17,	'Вовчик',	'in',	NULL,	3,	35,	1,	2,	2,	NULL,	'2023-07-28 20:44:32'),
(18,	'Preset 9/12/2023, 1:54:04 PM',	'out',	NULL,	3,	3,	1,	1,	3,	NULL,	'2023-09-12 13:54:04'),
(19,	'Dobro',	'out',	NULL,	3,	3,	1,	1,	3,	2,	'2023-10-18 09:15:56');

DROP TABLE IF EXISTS `theme`;
CREATE TABLE `theme` (
  `id` int(10) unsigned NOT NULL AUTO_INCREMENT,
  `alias` varchar(255) NOT NULL,
  `name` varchar(255) NOT NULL,
  `exchange_id` int(10) unsigned NOT NULL,
  `statusbar` tinyint(1) NOT NULL,
  PRIMARY KEY (`id`),
  KEY `theme_exchange_id_index` (`exchange_id`),
  CONSTRAINT `theme_exchange_id_foreign` FOREIGN KEY (`exchange_id`) REFERENCES `exchange` (`id`) ON UPDATE CASCADE
) ENGINE=InnoDB DEFAULT CHARSET=utf8mb4;

INSERT INTO `theme` (`id`, `alias`, `name`, `exchange_id`, `statusbar`) VALUES
(1,	'mobile-dark',	'Тёмная',	1,	1),
(2,	'mobile-light',	'Светлая',	1,	1),
(3,	'mobile-dark',	'Тёмная',	2,	1),
(4,	'mobile-light',	'Светлая',	2,	1),
(5,	'mobile-dark',	'Тёмная',	3,	1),
(6,	'mobile-dark',	'Тёмная',	4,	1),
(7,	'mobile-light',	'Светлая',	4,	1),
(8,	'mobile-dark',	'Тёмная',	5,	1),
(9,	'mobile-light',	'Светлая',	5,	1),
(10,	'mobile-dark',	'Тёмная',	6,	1),
(11,	'mobile-light',	'Светлая',	6,	1),
(12,	'mobile-dark',	'Тёмная',	7,	1),
(13,	'mobile-light',	'Светлая',	7,	1),
(14,	'mobile-dark',	'Тёмная',	8,	1),
(15,	'mobile-light',	'Светлая',	8,	1),
(16,	'mobile-dark',	'Тёмная',	9,	1),
(17,	'mobile-light',	'Светлая',	9,	1),
(18,	'mobile-light',	'Светлая',	10,	1),
(19,	'mobile-light',	'Светлая',	11,	1),
(20,	'mobile-dark',	'Тёмная',	11,	1),
(21,	'mobile-light',	'Светлая',	12,	1),
(22,	'mobile-dark',	'Тёмная',	12,	1),
(23,	'mobile-light',	'Светлая',	13,	1),
(24,	'mobile-dark',	'Тёмная',	13,	1),
(25,	'mobile-light',	'Светлая',	14,	1),
(26,	'mobile-dark',	'Тёмная',	14,	1),
(27,	'mobile-light',	'Светлая',	15,	1),
(28,	'mobile-dark',	'Тёмная',	15,	1),
(29,	'mobile-light',	'Светлая',	16,	1),
(30,	'mobile-dark',	'Тёмная',	16,	1),
(31,	'mobile-light',	'Светлая',	17,	1),
(32,	'mobile-dark',	'Тёмная',	17,	1),
(33,	'mobile-light',	'Светлая',	18,	1),
(34,	'mobile-dark',	'Тёмная',	18,	1),
(35,	'mobile-light',	'Светлая',	19,	0),
(36,	'mobile-dark',	'Тёмная',	19,	0),
(37,	'mobile-light',	'Светлая',	20,	0),
(38,	'mobile-dark',	'Тёмная',	20,	0),
(39,	'mobile-light',	'Светлая',	21,	0),
(40,	'mobile-dark',	'Тёмная',	22,	0),
(41,	'mobile-dark',	'Тёмная',	23,	1),
(42,	'mobile-light',	'Светлая',	23,	1);

DROP TABLE IF EXISTS `theme_language`;
CREATE TABLE `theme_language` (
  `id` int(10) unsigned NOT NULL AUTO_INCREMENT,
  `theme_id` int(10) unsigned NOT NULL,
  `language_id` int(10) unsigned NOT NULL,
  PRIMARY KEY (`id`),
  KEY `theme_language_theme_id_index` (`theme_id`),
  KEY `theme_language_language_id_index` (`language_id`),
  CONSTRAINT `theme_language_language_id_foreign` FOREIGN KEY (`language_id`) REFERENCES `language` (`id`) ON UPDATE CASCADE,
  CONSTRAINT `theme_language_theme_id_foreign` FOREIGN KEY (`theme_id`) REFERENCES `theme` (`id`) ON UPDATE CASCADE
) ENGINE=InnoDB DEFAULT CHARSET=utf8mb4;

INSERT INTO `theme_language` (`id`, `theme_id`, `language_id`) VALUES
(1,	2,	1),
(2,	2,	2),
(3,	2,	3),
(4,	2,	4),
(5,	1,	1),
(6,	1,	2),
(7,	1,	3),
(8,	1,	4),
(9,	4,	1),
(10,	4,	2),
(11,	4,	3),
(12,	4,	4),
(13,	3,	1),
(14,	3,	2),
(15,	3,	3),
(16,	3,	4),
(17,	5,	1),
(18,	7,	1),
(19,	7,	2),
(20,	7,	3),
(21,	6,	1),
(22,	6,	2),
(23,	6,	3),
(24,	9,	1),
(25,	9,	2),
(26,	9,	3),
(27,	9,	4),
(28,	8,	1),
(29,	8,	2),
(30,	8,	3),
(31,	8,	4),
(32,	11,	1),
(33,	11,	2),
(34,	11,	3),
(35,	11,	4),
(36,	10,	1),
(37,	10,	2),
(38,	10,	3),
(39,	10,	4),
(40,	13,	1),
(41,	13,	2),
(42,	13,	3),
(43,	12,	1),
(44,	12,	2),
(45,	12,	3),
(46,	15,	1),
(47,	15,	2),
(48,	15,	3),
(49,	14,	1),
(50,	14,	2),
(51,	14,	3),
(52,	17,	1),
(53,	17,	2),
(54,	17,	3),
(55,	16,	1),
(56,	16,	2),
(57,	16,	3),
(58,	18,	1),
(59,	18,	2),
(60,	18,	3),
(61,	20,	1),
(62,	20,	2),
(63,	20,	3),
(64,	20,	4),
(65,	19,	1),
(66,	19,	2),
(67,	19,	3),
(68,	19,	4),
(69,	22,	1),
(70,	22,	2),
(71,	22,	3),
(72,	21,	1),
(73,	21,	2),
(74,	21,	3),
(75,	24,	1),
(76,	24,	2),
(77,	24,	3),
(78,	23,	1),
(79,	23,	2),
(80,	23,	3),
(81,	26,	1),
(82,	26,	2),
(83,	26,	3),
(84,	25,	1),
(85,	25,	2),
(86,	25,	3),
(87,	28,	1),
(88,	28,	3),
(89,	27,	1),
(90,	27,	3),
(91,	30,	1),
(92,	30,	2),
(93,	30,	3),
(94,	30,	4),
(95,	29,	1),
(96,	29,	2),
(97,	29,	3),
(98,	29,	4),
(99,	32,	1),
(100,	32,	2),
(101,	31,	1),
(102,	31,	2),
(103,	34,	1),
(104,	34,	2),
(105,	34,	3),
(106,	33,	1),
(107,	33,	2),
(108,	33,	3),
(109,	36,	1),
(110,	36,	3),
(111,	35,	1),
(112,	35,	3),
(113,	38,	1),
(114,	38,	3),
(115,	38,	4),
(116,	37,	1),
(117,	37,	3),
(118,	37,	4),
(119,	39,	1),
(120,	39,	3),
(121,	40,	1),
(122,	42,	1),
(123,	42,	2),
(124,	42,	3),
(125,	42,	4),
(126,	41,	1),
(127,	41,	2),
(128,	41,	3),
(129,	41,	4);

DROP TABLE IF EXISTS `wallet`;
CREATE TABLE `wallet` (
  `id` int(10) unsigned NOT NULL AUTO_INCREMENT,
  `name` varchar(255) NOT NULL,
  `comment` text,
  `address` varchar(255) NOT NULL,
  `preffered` tinyint(1) DEFAULT '0',
  `type` enum('trx','nontrx') NOT NULL DEFAULT 'trx',
  PRIMARY KEY (`id`)
) ENGINE=InnoDB DEFAULT CHARSET=utf8mb4;

INSERT INTO `wallet` (`id`, `name`, `comment`, `address`, `preffered`, `type`) VALUES
(1,	'Общак TRX',	NULL,	'TAY8M3pBT7rsaFb4a3RNwD5SgFHLpTp4Tu',	1,	'trx'),
(2,	'Общак ETH/BSC',	NULL,	'0x94652D58b0c957633b567C955c8d9A66B7b9DFE8',	1,	'nontrx');

-- 2023-10-28 23:35:33
